<?xml version="1.0" encoding="UTF-8"?>
<base rubrique="3546" type="texte">
<entete>
<auteur>JIANG Chunyang</auteur>
<auteur>XU Yizhou</auteur>
</entete>
<fichiers>
<fichier id="1" nom="RSS2017/Mar/30/19-00-00/0,2-3546,1-0,0.xml">
<item numero="1">
<titre>Bras de fer législatif entre Airbnb et San Francisco.</titre>
<description>Un texte autorisant la location saisonnière, mais limitant sa pratique, doit être présenté et mis au vote mardi par l'organe législatif de la ville californienne.</description>
</item>
<item numero="2">
<titre>Le lifting de l'hôtel Royal à Evian.</titre>
<description>Si vous me suivez sur Instagram, vous savez déjà où j'ai passé mon weekend : au bord du Lac de Genève. Privilège inouï partagé avec de nombreux journalistes, blogueurs et branchés en tout genre, à l'occasion de la métamorphose de l'hôtel Royal à Evian.</description>
</item>
<item numero="3">
<titre>Australie : escale artistique chez les Tiwi.</titre>
<description>A 80 km au nord de Darwin, les 8 000 km2 des îles Bathurst et Melville sont le domaine de la communauté tiwi, peuple dont l'isolement insulaire a préservé le mode de vie traditionnel.</description>
</item>
<item numero="4">
<titre>Le Montréal de Messmer.</titre>
<description>Hypnothérapeute à l'origine, il a choisi la scène depuis quelques années afin de présenter au plus grand nombre « les bienfaits de l'hypnose ».</description>
</item>
<item numero="5">
<titre>Croisière aux Marquises : découverte d'un artisanat unique.</titre>
<description>En visitant les îles Marquises à bord de l'Aranui 3, chaque escale offre des expériences nouvelles.</description>
</item>
<item numero="6">
<titre>L'Athènes de Valentine Goby.</titre>
<description>A 40 ans, Valentine Goby aborde pour la première fois l'autobiographie avec son dernier livre, Baumes (Actes Sud), dans lequel elle revisite son enfance à Grasse.</description>
</item>
<item numero="7">
<titre>Tanger, la renaissance.</titre>
<description>La ville marocaine, haut lieu international de la scène artistique  entre 1950 et 1970, trouve un second souffle. Une exposition à Paris est consacré à la « Dream City ».</description>
</item>
<item numero="8">
<titre>Australie : une saison culturelle à Darwin.</titre>
<description>Le Top End est la région du Territoire du Nord australien qui comprend la plus forte concentration de population aborigène. Dans sa capitale Darwin, la saison sèche est le moment idéal pour découvrir cette culture à travers de nombreux festivals et expositions qui s'organisent dans la ville.</description>
</item>
<item numero="9">
<titre>Le Seattle de Rick Bass.</titre>
<description>Etats-Unis. C'est en lisant les romans de Jim Harrison, d'Eudora Welty et de Thomas McGuane que l'écrivain américain affirme avoir appris à écrire. Fervent écologiste, il est l'auteur d'une vingtaine de livres, dont « Toute la terre qui nous possède ».</description>
</item>
<item numero="10">
<titre>Le Vienne de Robert Stadler.</titre>
<description>Né dans la capitale autrichienne, le designer Robert Stadler est un Européen convaincu. La preuve, il a commencé des études de design à Milan avant de les poursuivre à l'Ecole nationale supérieure de création industrielle de Paris, ville où il est désormais installé.</description>
</item>
<item numero="11">
<titre>Le piéton de Naples sacrifié sur l'autel du Dieu moteur.</titre>
<description>Même lorsque la rue napolitaine est bordée d'un trottoir, rien n'assure au piéton une tranquillité méritée.</description>
</item>
<item numero="12">
<titre>Ma première randonue.</titre>
<description>Notre chroniqueuse nous raconte sa première randonue.</description>
</item>
<item numero="13">
<titre>Métisse Miami.</titre>
<description>Dans son nouvel écrin, le musée d'art contemporain accueille une exposition sur la mondialisation. Comme un écho à cette cité cosmopolite et agitée. Pour s'en échapper, rendez-vous, le temps d'une nuit, au milieu de la baie de Biscayne.</description>
</item>
<item numero="14">
<titre>Le Charleston de Charles Frazier.</titre>
<description>Romancier des grands espaces américains, l'auteur de Retour à Cold Mountain (1997), best-seller adapté au cinéma avec Nicole Kidman et Jude Law, vit dans un ranch de Caroline du Nord, où il se consacre à l'écriture et à l'élevage des chevaux.</description>
</item>
<item numero="15">
<titre>Au Guatemala, se prendre pour Indiana Jones et découvrir Tikal.</titre>
<description>Située au nord du Guatemala, la jungle du Petén est connue comme le cœur du monde maya et le parc national de Tikal est le site le plus visité du pays.</description>
</item>
<item numero="16">
<titre>Sils-Maria, de Nietzsche à Olivier Assayas.</titre>
<description>Le village suisse de la vallée des Grisons, où vécut le philosophe allemand, a été choisi par le réalisateur français pour y tourner son film.</description>
</item>
<item numero="17">
<titre>Le Niagara Falls de Craig Davidson.</titre>
<description>Né en 1976, Craig Davidson est surtout connu pour être l'auteur d'Un goût de rouille et d'os (Albin Michel), sublime nouvelle adaptée au cinéma par Jacques Audiard en 2012.</description>
</item>
<item numero="18">
<titre>Ma vie en images : Olivier Gagnère.</titre>
<description>Designer, mais aussi décorateur, architecte d'intérieur et céramiste, ce touche-à-tout est un grand voyageur. A Murano, Vallauris ou sur l'île de Kyushu, il s'intéresse aux savoir-faire ancestraux qu'il synthétise dans une réécriture néoclassique.</description>
</item>
<item numero="19">
<titre>La Nouvelle-Orléans, éternellement jeune.</titre>
<description>Depuis les désastres de Katrina en 2005, la Nouvelle-Orléans s'est lentement reconstruite, une renaissance encore récente mais qui a déjà fait apparaître dans le centre et les périphéries de la ville des activités touristiques nouvelles.</description>
</item>
<item numero="20">
<titre>Sur les grands chemins de la sauvage Réunion.</titre>
<description>Des sentiers, tracés au XIXe siècle par des esclaves « marrons », permettent de découvrir la diversité des paysages de l'île volcanique.</description>
</item>
</fichier>
<fichier id="2" nom="RSS2017/Mar/14/19-00-00/0,2-3546,1-0,0.xml">
</fichier>
<fichier id="3" nom="RSS2017/Mar/28/19-00-00/0,2-3546,1-0,0.xml">
</fichier>
<fichier id="4" nom="RSS2017/Mar/29/19-00-00/0,2-3546,1-0,0.xml">
</fichier>
<fichier id="5" nom="RSS2017/Mar/11/19-00-00/0,2-3546,1-0,0.xml">
</fichier>
<fichier id="6" nom="RSS2017/Mar/03/19-00-00/0,2-3546,1-0,0.xml">
</fichier>
<fichier id="7" nom="RSS2017/Mar/05/19-00-00/0,2-3546,1-0,0.xml">
</fichier>
<fichier id="8" nom="RSS2017/Mar/01/19-00-00/0,2-3546,1-0,0.xml">
</fichier>
<fichier id="9" nom="RSS2017/Mar/21/19-00-00/0,2-3546,1-0,0.xml">
</fichier>
<fichier id="10" nom="RSS2017/Mar/26/19-00-00/0,2-3546,1-0,0.xml">
</fichier>
<fichier id="11" nom="RSS2017/Mar/16/19-00-00/0,2-3546,1-0,0.xml">
</fichier>
<fichier id="12" nom="RSS2017/Mar/18/19-00-00/0,2-3546,1-0,0.xml">
</fichier>
<fichier id="13" nom="RSS2017/Mar/09/19-00-00/0,2-3546,1-0,0.xml">
</fichier>
<fichier id="14" nom="RSS2017/Mar/20/19-00-00/0,2-3546,1-0,0.xml">
</fichier>
<fichier id="15" nom="RSS2017/Mar/12/19-00-00/0,2-3546,1-0,0.xml">
</fichier>
<fichier id="16" nom="RSS2017/Mar/31/19-00-00/0,2-3546,1-0,0.xml">
</fichier>
<fichier id="17" nom="RSS2017/Mar/15/19-00-00/0,2-3546,1-0,0.xml">
</fichier>
<fichier id="18" nom="RSS2017/Mar/19/19-00-00/0,2-3546,1-0,0.xml">
</fichier>
<fichier id="19" nom="RSS2017/Mar/24/19-00-00/0,2-3546,1-0,0.xml">
</fichier>
<fichier id="20" nom="RSS2017/Mar/02/19-00-00/0,2-3546,1-0,0.xml">
</fichier>
<fichier id="21" nom="RSS2017/Mar/17/19-00-00/0,2-3546,1-0,0.xml">
</fichier>
<fichier id="22" nom="RSS2017/Mar/23/19-00-00/0,2-3546,1-0,0.xml">
</fichier>
<fichier id="23" nom="RSS2017/Mar/22/19-00-00/0,2-3546,1-0,0.xml">
</fichier>
<fichier id="24" nom="RSS2017/Mar/08/19-00-00/0,2-3546,1-0,0.xml">
</fichier>
<fichier id="25" nom="RSS2017/Mar/13/19-00-00/0,2-3546,1-0,0.xml">
</fichier>
<fichier id="26" nom="RSS2017/Mar/27/19-00-00/0,2-3546,1-0,0.xml">
</fichier>
<fichier id="27" nom="RSS2017/Mar/10/19-00-00/0,2-3546,1-0,0.xml">
</fichier>
<fichier id="28" nom="RSS2017/Mar/04/19-00-00/0,2-3546,1-0,0.xml">
</fichier>
<fichier id="29" nom="RSS2017/Mar/06/19-00-00/0,2-3546,1-0,0.xml">
</fichier>
<fichier id="30" nom="RSS2017/Mar/25/19-00-00/0,2-3546,1-0,0.xml">
</fichier>
<fichier id="31" nom="RSS2017/Mar/07/19-00-00/0,2-3546,1-0,0.xml">
</fichier>
<fichier id="32" nom="RSS2017/Jan/30/19-00-00/0,2-3546,1-0,0.xml">
<item numero="21">
<titre>A Vendôme, objectif femme.</titre>
<description>La 10e édition des Promenades photographiques, dans le Loir-et-Cher, rend hommage à l'oeil des femmes. Une déambulation bucolique entre cèdres centenaires, hortensias et images contemporaines.</description>
</item>
<item numero="22">
<titre>Le Rennes de Christophe Honoré.</titre>
<description>Alors que sort, le 3 septembre, le prochain film de Christophe Honoré, « Métamorphoses », adaptation contemporaine des « Métamorphoses » d'Ovide, il se souvient pour « M » de sa jeunesse à Rennes, où il a fait ses études.</description>
</item>
<item numero="23">
<titre>Bondi Beach, avant et après.</titre>
<description>Attirant de plus en plus de touristes, Bondi est baptisée "le terrain de jeu du Pacifique". Surfeurs, ouvriers, immigrés du monde entier et familles fortunées ont fait de cette plage l'une des plus célèbres au monde.</description>
</item>
<item numero="24">
<titre>Mes voyages en images : Cédric Charlier.</titre>
<description>Pour M, le créateur de mode revient sur son long périple de 2 000 km effectué cet été au Mexique.</description>
</item>
</fichier>
<fichier id="33" nom="RSS2017/Jan/14/19-00-00/0,2-3546,1-0,0.xml">
</fichier>
<fichier id="34" nom="RSS2017/Jan/28/19-00-00/0,2-3546,1-0,0.xml">
</fichier>
<fichier id="35" nom="RSS2017/Jan/29/19-00-00/0,2-3546,1-0,0.xml">
</fichier>
<fichier id="36" nom="RSS2017/Jan/11/19-00-00/0,2-3546,1-0,0.xml">
</fichier>
<fichier id="37" nom="RSS2017/Jan/03/19-00-00/0,2-3546,1-0,0.xml">
</fichier>
<fichier id="38" nom="RSS2017/Jan/05/19-00-00/0,2-3546,1-0,0.xml">
</fichier>
<fichier id="39" nom="RSS2017/Jan/01/19-00-00/0,2-3546,1-0,0.xml">
</fichier>
<fichier id="40" nom="RSS2017/Jan/21/17-23-00/0,2-3546,1-0,0.xml">
</fichier>
<fichier id="41" nom="RSS2017/Jan/26/19-00-00/0,2-3546,1-0,0.xml">
</fichier>
<fichier id="42" nom="RSS2017/Jan/16/19-00-00/0,2-3546,1-0,0.xml">
</fichier>
<fichier id="43" nom="RSS2017/Jan/18/19-00-00/0,2-3546,1-0,0.xml">
</fichier>
<fichier id="44" nom="RSS2017/Jan/09/19-00-00/0,2-3546,1-0,0.xml">
</fichier>
<fichier id="45" nom="RSS2017/Jan/20/18-31-00/0,2-3546,1-0,0.xml">
</fichier>
<fichier id="46" nom="RSS2017/Jan/12/19-00-00/0,2-3546,1-0,0.xml">
</fichier>
<fichier id="47" nom="RSS2017/Jan/31/19-00-00/0,2-3546,1-0,0.xml">
</fichier>
<fichier id="48" nom="RSS2017/Jan/15/19-00-00/0,2-3546,1-0,0.xml">
</fichier>
<fichier id="49" nom="RSS2017/Jan/19/19-24-00/0,2-3546,1-0,0.xml">
</fichier>
<fichier id="50" nom="RSS2017/Jan/24/19-00-00/0,2-3546,1-0,0.xml">
</fichier>
<fichier id="51" nom="RSS2017/Jan/02/19-00-00/0,2-3546,1-0,0.xml">
</fichier>
<fichier id="52" nom="RSS2017/Jan/17/19-00-00/0,2-3546,1-0,0.xml">
</fichier>
<fichier id="53" nom="RSS2017/Jan/23/17-35-00/0,2-3546,1-0,0.xml">
</fichier>
<fichier id="54" nom="RSS2017/Jan/22/18-14-00/0,2-3546,1-0,0.xml">
</fichier>
<fichier id="55" nom="RSS2017/Jan/08/19-00-00/0,2-3546,1-0,0.xml">
</fichier>
<fichier id="56" nom="RSS2017/Jan/13/19-00-00/0,2-3546,1-0,0.xml">
</fichier>
<fichier id="57" nom="RSS2017/Jan/27/19-00-00/0,2-3546,1-0,0.xml">
</fichier>
<fichier id="58" nom="RSS2017/Jan/10/19-00-00/0,2-3546,1-0,0.xml">
</fichier>
<fichier id="59" nom="RSS2017/Jan/04/19-00-00/0,2-3546,1-0,0.xml">
</fichier>
<fichier id="60" nom="RSS2017/Jan/06/19-00-00/0,2-3546,1-0,0.xml">
</fichier>
<fichier id="61" nom="RSS2017/Jan/25/19-00-00/0,2-3546,1-0,0.xml">
</fichier>
<fichier id="62" nom="RSS2017/Jan/07/19-00-00/0,2-3546,1-0,0.xml">
</fichier>
<fichier id="63" nom="RSS2017/Nov/30/19-00-00/0,2-3546,1-0,0.xml">
<item numero="25">
<titre>Cyclisme : le Giro dit partir de « Jérusalem-Ouest » et suscite la colère de son hôte, Israël.</titre>
<description>L'Etat hébreu a vivement réagi à l'inscription, sur le parcours du Tour d'Italie, de « Jérusalem-Ouest » comme ville de départ, estimant qu'il n'y avait « qu'un seul Jérusalem, capitale d'Israël ».</description>
</item>
<item numero="26">
<titre>Au Mali, les troupes européennes en soutien face aux djihadistes.</titre>
<description>Les pays de l'UE ont dépêché soldats et formateurs pour aider les armées de plusieurs pays du continent, sans parvenir à répondre à tous les défis sécuritaires.</description>
</item>
<item numero="27">
<titre>Le Bhoutan, un confetti coincé entre Inde et Chine.</titre>
<description>Le Bhoutan résiste à l'influence de son son voisin chinois avec qui il partage une frontière de 240 kilomètres, et à celle de l'Inde qui l'a aidé dans son émancipation, jusqu'à son passage à la démocratie en 2008.</description>
</item>
<item numero="28">
<titre>Kosice, l'autre perle d'Europe centrale.</titre>
<description>Bien que méconnue, la deuxième ville de Slovaquie dégage une étonnante énergie créatrice.</description>
</item>
<item numero="29">
<titre>Festival Planche(s) Contact : Deauville, côté photo.</titre>
<description>Le festival Planche(s) Contact, qui met à l'honneur Peter Lindbergh, est l'occasion de profiter du raffinement de la station balnéaire hors saison.</description>
</item>
<item numero="30">
<titre>L'« océan blanc » islandais dans l'objectif de Christophe Jacrot.</titre>
<description>Les éditions h'Artpon publient un livre – intitulé « Snjór » (« neige », en islandais) – qui réunit trente-sept images d'une pureté étonnante.</description>
</item>
<item numero="31">
<titre>Trafic de bois de rose au Nigeria : « Je n'ai jamais signé de permis d'exportation rétroactifs pour la Chine ».</titre>
<description>La vice-secrétaire générale de l'ONU, Amina J. Mohammed, dément les accusations de blanchiment de l'ONG EIA lorsqu'elle était ministre de l'environnement.</description>
</item>
<item numero="32">
<titre>Faire la Nuit des musées d'Amsterdam.</titre>
<description>Entre deux visites culturelles dans la capitale néerlandaise, quelques pauses seront bienvenues pour les noctambules.</description>
</item>
<item numero="33">
<titre>Bientôt plus personne n'aura le droit de grimper Uluru, rocher sacré des Aborigènes d'Australie.</titre>
<description>Considérée comme une profanation et un manque de respect, la montée sur l'immense rocher rougeâtre sera interdite à partir d'octobre 2019.</description>
</item>
<item numero="34">
<titre>Gardiens de reliquaires au Musée du quai Branly.</titre>
<description>Un riche panorama des principaux styles artistiques de l'Afrique équatoriale atlantique est réuni à Paris.</description>
</item>
<item numero="35">
<titre>Philanthropie : la dernière utopie.</titre>
<description>Exit la charité, les riches investissent désormais plus qu'ils ne donnent. « Le Monde » et « Le Temps », avec l'Institut de hautes études internationales et du développement de Genève consacrent la journée du 12 octobre à ce renouveau de la solidarité.</description>
</item>
</fichier>
<fichier id="64" nom="RSS2017/Nov/14/19-00-00/0,2-3546,1-0,0.xml">
</fichier>
<fichier id="65" nom="RSS2017/Nov/28/19-00-00/0,2-3546,1-0,0.xml">
</fichier>
<fichier id="66" nom="RSS2017/Nov/29/19-00-00/0,2-3546,1-0,0.xml">
</fichier>
<fichier id="67" nom="RSS2017/Nov/11/19-00-00/0,2-3546,1-0,0.xml">
</fichier>
<fichier id="68" nom="RSS2017/Nov/03/19-00-00/0,2-3546,1-0,0.xml">
</fichier>
<fichier id="69" nom="RSS2017/Nov/05/19-00-00/0,2-3546,1-0,0.xml">
</fichier>
<fichier id="70" nom="RSS2017/Nov/01/18-43-00/0,2-3546,1-0,0.xml">
</fichier>
<fichier id="71" nom="RSS2017/Nov/21/19-00-00/0,2-3546,1-0,0.xml">
</fichier>
<fichier id="72" nom="RSS2017/Nov/26/19-00-00/0,2-3546,1-0,0.xml">
</fichier>
<fichier id="73" nom="RSS2017/Nov/16/19-00-00/0,2-3546,1-0,0.xml">
</fichier>
<fichier id="74" nom="RSS2017/Nov/18/19-00-00/0,2-3546,1-0,0.xml">
</fichier>
<fichier id="75" nom="RSS2017/Nov/09/19-00-00/0,2-3546,1-0,0.xml">
</fichier>
<fichier id="76" nom="RSS2017/Nov/20/19-00-00/0,2-3546,1-0,0.xml">
</fichier>
<fichier id="77" nom="RSS2017/Nov/12/19-00-00/0,2-3546,1-0,0.xml">
</fichier>
<fichier id="78" nom="RSS2017/Nov/15/19-00-00/0,2-3546,1-0,0.xml">
</fichier>
<fichier id="79" nom="RSS2017/Nov/19/19-00-00/0,2-3546,1-0,0.xml">
</fichier>
<fichier id="80" nom="RSS2017/Nov/24/19-16-00/0,2-3546,1-0,0.xml">
</fichier>
<fichier id="81" nom="RSS2017/Nov/02/19-00-00/0,2-3546,1-0,0.xml">
</fichier>
<fichier id="82" nom="RSS2017/Nov/17/19-00-00/0,2-3546,1-0,0.xml">
</fichier>
<fichier id="83" nom="RSS2017/Nov/23/19-00-00/0,2-3546,1-0,0.xml">
</fichier>
<fichier id="84" nom="RSS2017/Nov/22/19-00-00/0,2-3546,1-0,0.xml">
</fichier>
<fichier id="85" nom="RSS2017/Nov/08/19-00-00/0,2-3546,1-0,0.xml">
</fichier>
<fichier id="86" nom="RSS2017/Nov/13/19-00-00/0,2-3546,1-0,0.xml">
</fichier>
<fichier id="87" nom="RSS2017/Nov/27/16-40-00/0,2-3546,1-0,0.xml">
</fichier>
<fichier id="88" nom="RSS2017/Nov/10/19-00-00/0,2-3546,1-0,0.xml">
</fichier>
<fichier id="89" nom="RSS2017/Nov/04/19-00-00/0,2-3546,1-0,0.xml">
</fichier>
<fichier id="90" nom="RSS2017/Nov/06/19-00-00/0,2-3546,1-0,0.xml">
</fichier>
<fichier id="91" nom="RSS2017/Nov/25/18-19-00/0,2-3546,1-0,0.xml">
</fichier>
<fichier id="92" nom="RSS2017/Nov/07/19-00-00/0,2-3546,1-0,0.xml">
</fichier>
<fichier id="93" nom="RSS2017/Aug/30/19-32-00/0,2-3546,1-0,0.xml">
</fichier>
<fichier id="94" nom="RSS2017/Aug/14/19-32-00/0,2-3546,1-0,0.xml">
</fichier>
<fichier id="95" nom="RSS2017/Aug/28/19-03-00/0,2-3546,1-0,0.xml">
</fichier>
<fichier id="96" nom="RSS2017/Aug/29/19-21-00/0,2-3546,1-0,0.xml">
</fichier>
<fichier id="97" nom="RSS2017/Aug/11/18-48-00/0,2-3546,1-0,0.xml">
</fichier>
<fichier id="98" nom="RSS2017/Aug/03/19-23-00/0,2-3546,1-0,0.xml">
</fichier>
<fichier id="99" nom="RSS2017/Aug/05/18-04-00/0,2-3546,1-0,0.xml">
</fichier>
<fichier id="100" nom="RSS2017/Aug/01/20-02-00/0,2-3546,1-0,0.xml">
</fichier>
<fichier id="101" nom="RSS2017/Aug/21/19-35-00/0,2-3546,1-0,0.xml">
</fichier>
<fichier id="102" nom="RSS2017/Aug/26/19-05-00/0,2-3546,1-0,0.xml">
</fichier>
<fichier id="103" nom="RSS2017/Aug/16/19-03-00/0,2-3546,1-0,0.xml">
</fichier>
<fichier id="104" nom="RSS2017/Aug/09/18-56-00/0,2-3546,1-0,0.xml">
</fichier>
<fichier id="105" nom="RSS2017/Aug/20/19-12-00/0,2-3546,1-0,0.xml">
</fichier>
<fichier id="106" nom="RSS2017/Aug/12/19-02-00/0,2-3546,1-0,0.xml">
</fichier>
<fichier id="107" nom="RSS2017/Aug/31/19-03-00/0,2-3546,1-0,0.xml">
</fichier>
<fichier id="108" nom="RSS2017/Aug/15/19-52-00/0,2-3546,1-0,0.xml">
</fichier>
<fichier id="109" nom="RSS2017/Aug/24/18-53-00/0,2-3546,1-0,0.xml">
</fichier>
<fichier id="110" nom="RSS2017/Aug/02/19-10-00/0,2-3546,1-0,0.xml">
</fichier>
<fichier id="111" nom="RSS2017/Aug/23/18-06-00/0,2-3546,1-0,0.xml">
</fichier>
<fichier id="112" nom="RSS2017/Aug/22/19-30-00/0,2-3546,1-0,0.xml">
</fichier>
<fichier id="113" nom="RSS2017/Aug/08/17-44-00/0,2-3546,1-0,0.xml">
</fichier>
<fichier id="114" nom="RSS2017/Aug/13/19-45-00/0,2-3546,1-0,0.xml">
</fichier>
<fichier id="115" nom="RSS2017/Aug/27/19-53-00/0,2-3546,1-0,0.xml">
</fichier>
<fichier id="116" nom="RSS2017/Aug/10/18-14-00/0,2-3546,1-0,0.xml">
</fichier>
<fichier id="117" nom="RSS2017/Aug/04/19-30-00/0,2-3546,1-0,0.xml">
</fichier>
<fichier id="118" nom="RSS2017/Aug/06/19-22-00/0,2-3546,1-0,0.xml">
</fichier>
<fichier id="119" nom="RSS2017/Aug/25/19-53-00/0,2-3546,1-0,0.xml">
</fichier>
<fichier id="120" nom="RSS2017/Aug/07/19-13-00/0,2-3546,1-0,0.xml">
</fichier>
<fichier id="121" nom="RSS2017/Sep/30/19-06-00/0,2-3546,1-0,0.xml">
</fichier>
<fichier id="122" nom="RSS2017/Sep/14/19-00-00/0,2-3546,1-0,0.xml">
</fichier>
<fichier id="123" nom="RSS2017/Sep/28/18-51-00/0,2-3546,1-0,0.xml">
</fichier>
<fichier id="124" nom="RSS2017/Sep/29/18-35-00/0,2-3546,1-0,0.xml">
</fichier>
<fichier id="125" nom="RSS2017/Sep/11/19-00-00/0,2-3546,1-0,0.xml">
</fichier>
<fichier id="126" nom="RSS2017/Sep/03/21-33-00/0,2-3546,1-0,0.xml">
</fichier>
<fichier id="127" nom="RSS2017/Sep/05/19-00-00/0,2-3546,1-0,0.xml">
</fichier>
<fichier id="128" nom="RSS2017/Sep/01/19-15-00/0,2-3546,1-0,0.xml">
</fichier>
<fichier id="129" nom="RSS2017/Sep/21/19-00-00/0,2-3546,1-0,0.xml">
</fichier>
<fichier id="130" nom="RSS2017/Sep/26/19-00-00/0,2-3546,1-0,0.xml">
</fichier>
<fichier id="131" nom="RSS2017/Sep/16/19-00-00/0,2-3546,1-0,0.xml">
</fichier>
<fichier id="132" nom="RSS2017/Sep/18/19-00-00/0,2-3546,1-0,0.xml">
</fichier>
<fichier id="133" nom="RSS2017/Sep/09/19-00-00/0,2-3546,1-0,0.xml">
</fichier>
<fichier id="134" nom="RSS2017/Sep/20/19-00-00/0,2-3546,1-0,0.xml">
</fichier>
<fichier id="135" nom="RSS2017/Sep/12/19-00-00/0,2-3546,1-0,0.xml">
</fichier>
<fichier id="136" nom="RSS2017/Sep/15/19-00-00/0,2-3546,1-0,0.xml">
</fichier>
<fichier id="137" nom="RSS2017/Sep/19/19-00-00/0,2-3546,1-0,0.xml">
</fichier>
<fichier id="138" nom="RSS2017/Sep/24/19-00-00/0,2-3546,1-0,0.xml">
</fichier>
<fichier id="139" nom="RSS2017/Sep/17/19-00-00/0,2-3546,1-0,0.xml">
</fichier>
<fichier id="140" nom="RSS2017/Sep/23/19-00-00/0,2-3546,1-0,0.xml">
</fichier>
<fichier id="141" nom="RSS2017/Sep/22/19-00-00/0,2-3546,1-0,0.xml">
</fichier>
<fichier id="142" nom="RSS2017/Sep/08/19-00-00/0,2-3546,1-0,0.xml">
</fichier>
<fichier id="143" nom="RSS2017/Sep/13/19-00-00/0,2-3546,1-0,0.xml">
</fichier>
<fichier id="144" nom="RSS2017/Sep/27/19-00-00/0,2-3546,1-0,0.xml">
</fichier>
<fichier id="145" nom="RSS2017/Sep/10/19-00-00/0,2-3546,1-0,0.xml">
</fichier>
<fichier id="146" nom="RSS2017/Sep/04/21-51-00/0,2-3546,1-0,0.xml">
</fichier>
<fichier id="147" nom="RSS2017/Sep/06/19-00-00/0,2-3546,1-0,0.xml">
</fichier>
<fichier id="148" nom="RSS2017/Sep/25/19-00-00/0,2-3546,1-0,0.xml">
</fichier>
<fichier id="149" nom="RSS2017/Sep/07/19-00-00/0,2-3546,1-0,0.xml">
</fichier>
<fichier id="150" nom="RSS2017/Jul/30/19-11-00/0,2-3546,1-0,0.xml">
</fichier>
<fichier id="151" nom="RSS2017/Jul/14/18-49-00/0,2-3546,1-0,0.xml">
</fichier>
<fichier id="152" nom="RSS2017/Jul/28/18-38-00/0,2-3546,1-0,0.xml">
</fichier>
<fichier id="153" nom="RSS2017/Jul/29/20-03-00/0,2-3546,1-0,0.xml">
</fichier>
<fichier id="154" nom="RSS2017/Jul/11/19-56-00/0,2-3546,1-0,0.xml">
</fichier>
<fichier id="155" nom="RSS2017/Jul/03/19-00-00/0,2-3546,1-0,0.xml">
</fichier>
<fichier id="156" nom="RSS2017/Jul/05/19-00-00/0,2-3546,1-0,0.xml">
</fichier>
<fichier id="157" nom="RSS2017/Jul/01/19-00-00/0,2-3546,1-0,0.xml">
</fichier>
<fichier id="158" nom="RSS2017/Jul/21/18-48-00/0,2-3546,1-0,0.xml">
</fichier>
<fichier id="159" nom="RSS2017/Jul/26/18-37-00/0,2-3546,1-0,0.xml">
</fichier>
<fichier id="160" nom="RSS2017/Jul/16/19-37-00/0,2-3546,1-0,0.xml">
</fichier>
<fichier id="161" nom="RSS2017/Jul/18/19-19-00/0,2-3546,1-0,0.xml">
</fichier>
<fichier id="162" nom="RSS2017/Jul/09/15-30-00/0,2-3546,1-0,0.xml">
</fichier>
<fichier id="163" nom="RSS2017/Jul/20/17-40-00/0,2-3546,1-0,0.xml">
</fichier>
<fichier id="164" nom="RSS2017/Jul/12/18-44-00/0,2-3546,1-0,0.xml">
</fichier>
<fichier id="165" nom="RSS2017/Jul/31/19-03-00/0,2-3546,1-0,0.xml">
</fichier>
<fichier id="166" nom="RSS2017/Jul/15/21-07-00/0,2-3546,1-0,0.xml">
</fichier>
<fichier id="167" nom="RSS2017/Jul/19/19-49-00/0,2-3546,1-0,0.xml">
</fichier>
<fichier id="168" nom="RSS2017/Jul/24/19-10-00/0,2-3546,1-0,0.xml">
</fichier>
<fichier id="169" nom="RSS2017/Jul/02/19-00-00/0,2-3546,1-0,0.xml">
</fichier>
<fichier id="170" nom="RSS2017/Jul/17/18-28-00/0,2-3546,1-0,0.xml">
</fichier>
<fichier id="171" nom="RSS2017/Jul/23/19-12-00/0,2-3546,1-0,0.xml">
</fichier>
<fichier id="172" nom="RSS2017/Jul/22/18-06-00/0,2-3546,1-0,0.xml">
</fichier>
<fichier id="173" nom="RSS2017/Jul/08/18-54-00/0,2-3546,1-0,0.xml">
</fichier>
<fichier id="174" nom="RSS2017/Jul/13/18-40-00/0,2-3546,1-0,0.xml">
</fichier>
<fichier id="175" nom="RSS2017/Jul/27/19-05-00/0,2-3546,1-0,0.xml">
</fichier>
<fichier id="176" nom="RSS2017/Jul/10/21-39-00/0,2-3546,1-0,0.xml">
</fichier>
<fichier id="177" nom="RSS2017/Jul/04/19-00-00/0,2-3546,1-0,0.xml">
</fichier>
<fichier id="178" nom="RSS2017/Jul/06/19-37-00/0,2-3546,1-0,0.xml">
</fichier>
<fichier id="179" nom="RSS2017/Jul/25/19-20-00/0,2-3546,1-0,0.xml">
</fichier>
<fichier id="180" nom="RSS2017/Jul/07/19-30-00/0,2-3546,1-0,0.xml">
</fichier>
<fichier id="181" nom="RSS2017/Oct/30/19-18-00/0,2-3546,1-0,0.xml">
</fichier>
<fichier id="182" nom="RSS2017/Oct/14/19-00-00/0,2-3546,1-0,0.xml">
</fichier>
<fichier id="183" nom="RSS2017/Oct/28/19-19-00/0,2-3546,1-0,0.xml">
</fichier>
<fichier id="184" nom="RSS2017/Oct/29/19-15-00/0,2-3546,1-0,0.xml">
</fichier>
<fichier id="185" nom="RSS2017/Oct/11/19-00-00/0,2-3546,1-0,0.xml">
</fichier>
<fichier id="186" nom="RSS2017/Oct/03/19-00-00/0,2-3546,1-0,0.xml">
</fichier>
<fichier id="187" nom="RSS2017/Oct/05/19-00-00/0,2-3546,1-0,0.xml">
</fichier>
<fichier id="188" nom="RSS2017/Oct/01/16-38-00/0,2-3546,1-0,0.xml">
</fichier>
<fichier id="189" nom="RSS2017/Oct/21/17-21-00/0,2-3546,1-0,0.xml">
</fichier>
<fichier id="190" nom="RSS2017/Oct/26/19-00-00/0,2-3546,1-0,0.xml">
</fichier>
<fichier id="191" nom="RSS2017/Oct/16/19-00-00/0,2-3546,1-0,0.xml">
</fichier>
<fichier id="192" nom="RSS2017/Oct/18/19-00-00/0,2-3546,1-0,0.xml">
</fichier>
<fichier id="193" nom="RSS2017/Oct/09/19-00-00/0,2-3546,1-0,0.xml">
</fichier>
<fichier id="194" nom="RSS2017/Oct/20/19-23-00/0,2-3546,1-0,0.xml">
</fichier>
<fichier id="195" nom="RSS2017/Oct/12/19-20-00/0,2-3546,1-0,0.xml">
</fichier>
<fichier id="196" nom="RSS2017/Oct/31/18-50-00/0,2-3546,1-0,0.xml">
</fichier>
<fichier id="197" nom="RSS2017/Oct/15/19-00-00/0,2-3546,1-0,0.xml">
</fichier>
<fichier id="198" nom="RSS2017/Oct/19/19-40-00/0,2-3546,1-0,0.xml">
</fichier>
<fichier id="199" nom="RSS2017/Oct/24/19-00-00/0,2-3546,1-0,0.xml">
</fichier>
<fichier id="200" nom="RSS2017/Oct/02/19-00-00/0,2-3546,1-0,0.xml">
</fichier>
<fichier id="201" nom="RSS2017/Oct/17/19-00-00/0,2-3546,1-0,0.xml">
</fichier>
<fichier id="202" nom="RSS2017/Oct/23/18-06-00/0,2-3546,1-0,0.xml">
</fichier>
<fichier id="203" nom="RSS2017/Oct/22/19-02-00/0,2-3546,1-0,0.xml">
</fichier>
<fichier id="204" nom="RSS2017/Oct/08/19-00-00/0,2-3546,1-0,0.xml">
</fichier>
<fichier id="205" nom="RSS2017/Oct/13/19-00-00/0,2-3546,1-0,0.xml">
</fichier>
<fichier id="206" nom="RSS2017/Oct/27/19-13-00/0,2-3546,1-0,0.xml">
</fichier>
<fichier id="207" nom="RSS2017/Oct/10/19-00-00/0,2-3546,1-0,0.xml">
</fichier>
<fichier id="208" nom="RSS2017/Oct/04/19-00-00/0,2-3546,1-0,0.xml">
</fichier>
<fichier id="209" nom="RSS2017/Oct/06/19-00-00/0,2-3546,1-0,0.xml">
</fichier>
<fichier id="210" nom="RSS2017/Oct/25/19-00-00/0,2-3546,1-0,0.xml">
</fichier>
<fichier id="211" nom="RSS2017/Oct/07/19-00-00/0,2-3546,1-0,0.xml">
</fichier>
<fichier id="212" nom="RSS2017/Feb/14/18-24-00/0,2-3546,1-0,0.xml">
</fichier>
<fichier id="213" nom="RSS2017/Feb/28/19-00-00/0,2-3546,1-0,0.xml">
</fichier>
<fichier id="214" nom="RSS2017/Feb/11/19-39-00/0,2-3546,1-0,0.xml">
</fichier>
<fichier id="215" nom="RSS2017/Feb/03/19-00-00/0,2-3546,1-0,0.xml">
</fichier>
<fichier id="216" nom="RSS2017/Feb/05/19-00-00/0,2-3546,1-0,0.xml">
</fichier>
<fichier id="217" nom="RSS2017/Feb/01/19-00-00/0,2-3546,1-0,0.xml">
</fichier>
<fichier id="218" nom="RSS2017/Feb/21/19-00-00/0,2-3546,1-0,0.xml">
</fichier>
<fichier id="219" nom="RSS2017/Feb/26/19-00-00/0,2-3546,1-0,0.xml">
</fichier>
<fichier id="220" nom="RSS2017/Feb/16/18-38-00/0,2-3546,1-0,0.xml">
</fichier>
<fichier id="221" nom="RSS2017/Feb/18/15-45-00/0,2-3546,1-0,0.xml">
</fichier>
<fichier id="222" nom="RSS2017/Feb/09/20-44-00/0,2-3546,1-0,0.xml">
</fichier>
<fichier id="223" nom="RSS2017/Feb/20/18-29-00/0,2-3546,1-0,0.xml">
</fichier>
<fichier id="224" nom="RSS2017/Feb/12/18-50-00/0,2-3546,1-0,0.xml">
</fichier>
<fichier id="225" nom="RSS2017/Feb/15/18-10-00/0,2-3546,1-0,0.xml">
</fichier>
<fichier id="226" nom="RSS2017/Feb/19/18-25-00/0,2-3546,1-0,0.xml">
</fichier>
<fichier id="227" nom="RSS2017/Feb/24/19-00-00/0,2-3546,1-0,0.xml">
</fichier>
<fichier id="228" nom="RSS2017/Feb/02/19-00-00/0,2-3546,1-0,0.xml">
</fichier>
<fichier id="229" nom="RSS2017/Feb/17/19-20-00/0,2-3546,1-0,0.xml">
</fichier>
<fichier id="230" nom="RSS2017/Feb/23/19-00-00/0,2-3546,1-0,0.xml">
</fichier>
<fichier id="231" nom="RSS2017/Feb/22/19-00-00/0,2-3546,1-0,0.xml">
</fichier>
<fichier id="232" nom="RSS2017/Feb/08/19-00-00/0,2-3546,1-0,0.xml">
</fichier>
<fichier id="233" nom="RSS2017/Feb/13/18-39-00/0,2-3546,1-0,0.xml">
</fichier>
<fichier id="234" nom="RSS2017/Feb/27/19-00-00/0,2-3546,1-0,0.xml">
</fichier>
<fichier id="235" nom="RSS2017/Feb/10/19-40-00/0,2-3546,1-0,0.xml">
</fichier>
<fichier id="236" nom="RSS2017/Feb/04/19-00-00/0,2-3546,1-0,0.xml">
</fichier>
<fichier id="237" nom="RSS2017/Feb/06/19-00-00/0,2-3546,1-0,0.xml">
</fichier>
<fichier id="238" nom="RSS2017/Feb/25/19-00-00/0,2-3546,1-0,0.xml">
</fichier>
<fichier id="239" nom="RSS2017/Feb/07/19-00-00/0,2-3546,1-0,0.xml">
</fichier>
<fichier id="240" nom="RSS2017/Jun/30/19-00-00/0,2-3546,1-0,0.xml">
</fichier>
<fichier id="241" nom="RSS2017/Jun/14/19-00-00/0,2-3546,1-0,0.xml">
</fichier>
<fichier id="242" nom="RSS2017/Jun/28/19-00-00/0,2-3546,1-0,0.xml">
</fichier>
<fichier id="243" nom="RSS2017/Jun/29/19-00-00/0,2-3546,1-0,0.xml">
</fichier>
<fichier id="244" nom="RSS2017/Jun/11/19-00-00/0,2-3546,1-0,0.xml">
</fichier>
<fichier id="245" nom="RSS2017/Jun/03/19-00-00/0,2-3546,1-0,0.xml">
</fichier>
<fichier id="246" nom="RSS2017/Jun/05/19-00-00/0,2-3546,1-0,0.xml">
</fichier>
<fichier id="247" nom="RSS2017/Jun/01/19-00-00/0,2-3546,1-0,0.xml">
</fichier>
<fichier id="248" nom="RSS2017/Jun/21/19-00-00/0,2-3546,1-0,0.xml">
</fichier>
<fichier id="249" nom="RSS2017/Jun/26/19-00-00/0,2-3546,1-0,0.xml">
</fichier>
<fichier id="250" nom="RSS2017/Jun/16/19-00-00/0,2-3546,1-0,0.xml">
</fichier>
<fichier id="251" nom="RSS2017/Jun/18/19-00-00/0,2-3546,1-0,0.xml">
</fichier>
<fichier id="252" nom="RSS2017/Jun/09/19-00-00/0,2-3546,1-0,0.xml">
</fichier>
<fichier id="253" nom="RSS2017/Jun/20/19-00-00/0,2-3546,1-0,0.xml">
</fichier>
<fichier id="254" nom="RSS2017/Jun/12/19-00-00/0,2-3546,1-0,0.xml">
</fichier>
<fichier id="255" nom="RSS2017/Jun/15/19-00-00/0,2-3546,1-0,0.xml">
</fichier>
<fichier id="256" nom="RSS2017/Jun/19/19-00-00/0,2-3546,1-0,0.xml">
</fichier>
<fichier id="257" nom="RSS2017/Jun/24/19-00-00/0,2-3546,1-0,0.xml">
</fichier>
<fichier id="258" nom="RSS2017/Jun/02/19-00-00/0,2-3546,1-0,0.xml">
</fichier>
<fichier id="259" nom="RSS2017/Jun/17/19-00-00/0,2-3546,1-0,0.xml">
</fichier>
<fichier id="260" nom="RSS2017/Jun/23/19-00-00/0,2-3546,1-0,0.xml">
</fichier>
<fichier id="261" nom="RSS2017/Jun/22/19-00-00/0,2-3546,1-0,0.xml">
</fichier>
<fichier id="262" nom="RSS2017/Jun/08/19-00-00/0,2-3546,1-0,0.xml">
</fichier>
<fichier id="263" nom="RSS2017/Jun/13/19-00-00/0,2-3546,1-0,0.xml">
</fichier>
<fichier id="264" nom="RSS2017/Jun/27/19-00-00/0,2-3546,1-0,0.xml">
</fichier>
<fichier id="265" nom="RSS2017/Jun/10/19-00-00/0,2-3546,1-0,0.xml">
</fichier>
<fichier id="266" nom="RSS2017/Jun/04/19-00-00/0,2-3546,1-0,0.xml">
</fichier>
<fichier id="267" nom="RSS2017/Jun/06/19-00-00/0,2-3546,1-0,0.xml">
</fichier>
<fichier id="268" nom="RSS2017/Jun/25/19-00-00/0,2-3546,1-0,0.xml">
</fichier>
<fichier id="269" nom="RSS2017/Jun/07/19-00-00/0,2-3546,1-0,0.xml">
</fichier>
<fichier id="270" nom="RSS2017/Dec/30/19-00-00/0,2-3546,1-0,0.xml">
<item numero="36">
<titre>« Un grand voyage en France pour tous les jeunes, voilà un projet d'éducation à la citoyenneté ».</titre>
<description>Pour créer un sentiment « patriotique », le sociologue Jean Viard suggère de proposer à tous les jeunes de 16 ans un grand « voyage universel » dans le pays.</description>
</item>
<item numero="37">
<titre>La playlist de Binetou : ces artistes africains qui ont marqué 2017.</titre>
<description>Cette année, de nombreux musiciens du continent se sont imposés sur le marché international. L'afrobeats nigérian a dominé les charts.</description>
</item>
<item numero="38">
<titre>Sur les pas de l'écrivain américain James Baldwin.</titre>
<description>Jusqu'au 30 juin 2018, la salle de l'Aéronef, à Lille, expose les photos d'Edouard Caupeil sur cet auteur hors norme. Des clichés issus d'un reportage réalisé avec Nicolas Bourcier, journaliste au « Monde ».</description>
</item>
<item numero="39">
<titre>Mound Bayou ou « le vestige vivant d'une utopie ».</titre>
<description>Jusqu'au 30 juin 2018, la salle de l'Aéronef, à Lille, expose le travail du photographe Edouard Caupeil, qui accompagna en 2008 Nicolas Bourcier, journaliste au « Monde ».</description>
</item>
<item numero="40">
<titre>Travailler en voyageant, le rêve accompli des nomades numériques.</titre>
<description>Les « digital nomads », ces travailleurs sans bureau fixe, allient plaisir du tourisme et activité professionnelle, avec pour critère premier la qualité de la connexion Internet.</description>
</item>
<item numero="41">
<titre>Retour sur la Route 61 : « Violence et ennui, misère et liberté ».</titre>
<description>Jusqu'au 30 juin 2018, la salle de l'Aéronef à Lille expose le travail du photographe Edouard Caupeil qui avait accompagné, en 2009, Nicolas Bourcier, reporter au « Monde », sur la route américaine 61.</description>
</item>
</fichier>
<fichier id="271" nom="RSS2017/Dec/14/19-00-00/0,2-3546,1-0,0.xml">
<item numero="42">
<titre>Retour sur la route 61 : « Violence et ennui, misère et liberté ».</titre>
<description>Jusqu'au 30 juin 2018, la salle de l'Aéronef à Lille expose le travail du photographe Edouard Caupeil qui avait accompagné, en 2009, Nicolas Bourcier, reporter au « Monde », sur la route américaine 61.</description>
</item>
</fichier>
<fichier id="272" nom="RSS2017/Dec/28/19-00-00/0,2-3546,1-0,0.xml">
</fichier>
<fichier id="273" nom="RSS2017/Dec/29/19-00-00/0,2-3546,1-0,0.xml">
</fichier>
<fichier id="274" nom="RSS2017/Dec/11/19-00-00/0,2-3546,1-0,0.xml">
</fichier>
<fichier id="275" nom="RSS2017/Dec/03/19-00-00/0,2-3546,1-0,0.xml">
</fichier>
<fichier id="276" nom="RSS2017/Dec/05/19-00-00/0,2-3546,1-0,0.xml">
</fichier>
<fichier id="277" nom="RSS2017/Dec/01/19-00-00/0,2-3546,1-0,0.xml">
</fichier>
<fichier id="278" nom="RSS2017/Dec/21/19-00-00/0,2-3546,1-0,0.xml">
</fichier>
<fichier id="279" nom="RSS2017/Dec/26/19-00-00/0,2-3546,1-0,0.xml">
</fichier>
<fichier id="280" nom="RSS2017/Dec/16/19-00-00/0,2-3546,1-0,0.xml">
</fichier>
<fichier id="281" nom="RSS2017/Dec/18/19-00-00/0,2-3546,1-0,0.xml">
</fichier>
<fichier id="282" nom="RSS2017/Dec/09/19-00-00/0,2-3546,1-0,0.xml">
</fichier>
<fichier id="283" nom="RSS2017/Dec/20/19-00-00/0,2-3546,1-0,0.xml">
</fichier>
<fichier id="284" nom="RSS2017/Dec/12/19-00-00/0,2-3546,1-0,0.xml">
</fichier>
<fichier id="285" nom="RSS2017/Dec/31/19-00-00/0,2-3546,1-0,0.xml">
</fichier>
<fichier id="286" nom="RSS2017/Dec/15/19-00-00/0,2-3546,1-0,0.xml">
</fichier>
<fichier id="287" nom="RSS2017/Dec/19/19-00-00/0,2-3546,1-0,0.xml">
</fichier>
<fichier id="288" nom="RSS2017/Dec/24/19-00-00/0,2-3546,1-0,0.xml">
<item numero="43">
<titre>Jean Viard : « Un grand voyage en France pour tous les jeunes, voilà un projet d'éducation à la citoyenneté ».</titre>
<description>Pour créer un sentiment d'appartenance « patriotique », pourquoi ne pas proposer à tous les jeunes de 16 ans un grand « voyage universel » en France, suggère le sociologue Jean Viard dans une tribune au « Monde ».</description>
</item>
</fichier>
<fichier id="289" nom="RSS2017/Dec/02/19-00-00/0,2-3546,1-0,0.xml">
</fichier>
<fichier id="290" nom="RSS2017/Dec/17/19-00-00/0,2-3546,1-0,0.xml">
</fichier>
<fichier id="291" nom="RSS2017/Dec/23/19-00-00/0,2-3546,1-0,0.xml">
</fichier>
<fichier id="292" nom="RSS2017/Dec/22/19-00-00/0,2-3546,1-0,0.xml">
</fichier>
<fichier id="293" nom="RSS2017/Dec/08/19-00-00/0,2-3546,1-0,0.xml">
</fichier>
<fichier id="294" nom="RSS2017/Dec/13/19-00-00/0,2-3546,1-0,0.xml">
</fichier>
<fichier id="295" nom="RSS2017/Dec/27/19-00-00/0,2-3546,1-0,0.xml">
</fichier>
<fichier id="296" nom="RSS2017/Dec/10/19-00-00/0,2-3546,1-0,0.xml">
<item numero="44">
<titre>Retour sur la route 61 : « Violence et ennui, misère et liberté ».</titre>
<description>Jusqu'au 30 juin 2018, la salle de l'Aéronef à Lille expose le travail du photographe Edouard Caupeil qui avait accompagné, en 2009, Nicolas Bourcier, reporter au « Monde », sur la route américaine 61.</description>
</item>
</fichier>
<fichier id="297" nom="RSS2017/Dec/04/19-00-00/0,2-3546,1-0,0.xml">
</fichier>
<fichier id="298" nom="RSS2017/Dec/06/19-00-00/0,2-3546,1-0,0.xml">
</fichier>
<fichier id="299" nom="RSS2017/Dec/25/19-00-00/0,2-3546,1-0,0.xml">
</fichier>
<fichier id="300" nom="RSS2017/Dec/07/19-00-00/0,2-3546,1-0,0.xml">
</fichier>
<fichier id="301" nom="RSS2017/Apr/30/19-00-00/0,2-3546,1-0,0.xml">
</fichier>
<fichier id="302" nom="RSS2017/Apr/14/19-28-00/0,2-3546,1-0,0.xml">
</fichier>
<fichier id="303" nom="RSS2017/Apr/28/19-00-00/0,2-3546,1-0,0.xml">
</fichier>
<fichier id="304" nom="RSS2017/Apr/29/19-00-00/0,2-3546,1-0,0.xml">
</fichier>
<fichier id="305" nom="RSS2017/Apr/11/20-02-00/0,2-3546,1-0,0.xml">
</fichier>
<fichier id="306" nom="RSS2017/Apr/03/19-00-00/0,2-3546,1-0,0.xml">
</fichier>
<fichier id="307" nom="RSS2017/Apr/05/19-00-00/0,2-3546,1-0,0.xml">
</fichier>
<fichier id="308" nom="RSS2017/Apr/01/19-00-00/0,2-3546,1-0,0.xml">
</fichier>
<fichier id="309" nom="RSS2017/Apr/21/19-00-00/0,2-3546,1-0,0.xml">
</fichier>
<fichier id="310" nom="RSS2017/Apr/26/19-00-00/0,2-3546,1-0,0.xml">
</fichier>
<fichier id="311" nom="RSS2017/Apr/16/18-18-00/0,2-3546,1-0,0.xml">
</fichier>
<fichier id="312" nom="RSS2017/Apr/18/19-00-00/0,2-3546,1-0,0.xml">
</fichier>
<fichier id="313" nom="RSS2017/Apr/09/18-47-00/0,2-3546,1-0,0.xml">
</fichier>
<fichier id="314" nom="RSS2017/Apr/20/19-00-00/0,2-3546,1-0,0.xml">
</fichier>
<fichier id="315" nom="RSS2017/Apr/12/21-19-00/0,2-3546,1-0,0.xml">
</fichier>
<fichier id="316" nom="RSS2017/Apr/15/17-54-00/0,2-3546,1-0,0.xml">
</fichier>
<fichier id="317" nom="RSS2017/Apr/19/19-00-00/0,2-3546,1-0,0.xml">
</fichier>
<fichier id="318" nom="RSS2017/Apr/24/19-00-00/0,2-3546,1-0,0.xml">
</fichier>
<fichier id="319" nom="RSS2017/Apr/02/19-00-00/0,2-3546,1-0,0.xml">
</fichier>
<fichier id="320" nom="RSS2017/Apr/17/18-21-00/0,2-3546,1-0,0.xml">
</fichier>
<fichier id="321" nom="RSS2017/Apr/23/19-00-00/0,2-3546,1-0,0.xml">
</fichier>
<fichier id="322" nom="RSS2017/Apr/22/19-00-00/0,2-3546,1-0,0.xml">
</fichier>
<fichier id="323" nom="RSS2017/Apr/08/19-10-00/0,2-3546,1-0,0.xml">
</fichier>
<fichier id="324" nom="RSS2017/Apr/13/17-45-00/0,2-3546,1-0,0.xml">
</fichier>
<fichier id="325" nom="RSS2017/Apr/27/19-00-00/0,2-3546,1-0,0.xml">
</fichier>
<fichier id="326" nom="RSS2017/Apr/10/21-18-00/0,2-3546,1-0,0.xml">
</fichier>
<fichier id="327" nom="RSS2017/Apr/04/19-00-00/0,2-3546,1-0,0.xml">
</fichier>
<fichier id="328" nom="RSS2017/Apr/06/19-00-00/0,2-3546,1-0,0.xml">
</fichier>
<fichier id="329" nom="RSS2017/Apr/25/19-00-00/0,2-3546,1-0,0.xml">
</fichier>
<fichier id="330" nom="RSS2017/Apr/07/18-46-00/0,2-3546,1-0,0.xml">
</fichier>
<fichier id="331" nom="RSS2017/May/30/19-00-00/0,2-3546,1-0,0.xml">
</fichier>
<fichier id="332" nom="RSS2017/May/14/18-15-00/0,2-3546,1-0,0.xml">
</fichier>
<fichier id="333" nom="RSS2017/May/28/18-30-00/0,2-3546,1-0,0.xml">
</fichier>
<fichier id="334" nom="RSS2017/May/29/19-18-00/0,2-3546,1-0,0.xml">
</fichier>
<fichier id="335" nom="RSS2017/May/11/19-00-00/0,2-3546,1-0,0.xml">
</fichier>
<fichier id="336" nom="RSS2017/May/03/19-00-00/0,2-3546,1-0,0.xml">
</fichier>
<fichier id="337" nom="RSS2017/May/05/19-00-00/0,2-3546,1-0,0.xml">
</fichier>
<fichier id="338" nom="RSS2017/May/01/19-00-00/0,2-3546,1-0,0.xml">
</fichier>
<fichier id="339" nom="RSS2017/May/21/19-00-00/0,2-3546,1-0,0.xml">
</fichier>
<fichier id="340" nom="RSS2017/May/26/18-47-00/0,2-3546,1-0,0.xml">
</fichier>
<fichier id="341" nom="RSS2017/May/16/19-00-00/0,2-3546,1-0,0.xml">
</fichier>
<fichier id="342" nom="RSS2017/May/18/19-00-00/0,2-3546,1-0,0.xml">
</fichier>
<fichier id="343" nom="RSS2017/May/09/19-00-00/0,2-3546,1-0,0.xml">
</fichier>
<fichier id="344" nom="RSS2017/May/20/19-00-00/0,2-3546,1-0,0.xml">
</fichier>
<fichier id="345" nom="RSS2017/May/31/19-00-00/0,2-3546,1-0,0.xml">
</fichier>
<fichier id="346" nom="RSS2017/May/15/17-54-00/0,2-3546,1-0,0.xml">
</fichier>
<fichier id="347" nom="RSS2017/May/19/19-00-00/0,2-3546,1-0,0.xml">
</fichier>
<fichier id="348" nom="RSS2017/May/24/18-50-00/0,2-3546,1-0,0.xml">
</fichier>
<fichier id="349" nom="RSS2017/May/02/19-00-00/0,2-3546,1-0,0.xml">
</fichier>
<fichier id="350" nom="RSS2017/May/17/19-00-00/0,2-3546,1-0,0.xml">
</fichier>
<fichier id="351" nom="RSS2017/May/23/18-13-00/0,2-3546,1-0,0.xml">
</fichier>
<fichier id="352" nom="RSS2017/May/22/19-00-00/0,2-3546,1-0,0.xml">
</fichier>
<fichier id="353" nom="RSS2017/May/08/19-00-00/0,2-3546,1-0,0.xml">
</fichier>
<fichier id="354" nom="RSS2017/May/13/17-42-00/0,2-3546,1-0,0.xml">
</fichier>
<fichier id="355" nom="RSS2017/May/27/19-40-00/0,2-3546,1-0,0.xml">
</fichier>
<fichier id="356" nom="RSS2017/May/10/19-00-00/0,2-3546,1-0,0.xml">
</fichier>
<fichier id="357" nom="RSS2017/May/04/19-00-00/0,2-3546,1-0,0.xml">
</fichier>
<fichier id="358" nom="RSS2017/May/06/19-00-00/0,2-3546,1-0,0.xml">
</fichier>
<fichier id="359" nom="RSS2017/May/25/19-00-00/0,2-3546,1-0,0.xml">
</fichier>
<fichier id="360" nom="RSS2017/May/07/19-00-00/0,2-3546,1-0,0.xml">
</fichier>
</fichiers>
</base>
