<?xml version="1.0" encoding="UTF-8"?>
<base rubrique="651865" type="texte">
<entete>
<auteur>JIANG Chunyang</auteur>
<auteur>XU Yizhou</auteur>
</entete>
<fichiers>
<fichier id="1" nom="RSS2017/Mar/30/19-00-00/0,2-651865,1-0,0.xml">
<item numero="1">
<titre>eBay peut-il suspendre un compte sans préavis ?</titre>
<description>La Cour de cassation reproche à la cour d'appel de Nancy, qui a examiné le recours d'un utilisateur, de ne pas s'être prononcée sur sa demande selon laquelle la clause de résiliation soit jugée illicite du fait qu'elle permet de suspendre un compte de manière unilatérale et sans préavis.</description>
</item>
<item numero="2">
<titre>Numérisation de l'emploi.</titre>
<description>La révolution numérique déferle sur le secteur des services où de 10 % à 30 % des emplois seraient automatisables en France à moyen terme.</description>
</item>
<item numero="3">
<titre>Vers la fin du travail dans le tertiaire ?</titre>
<description>La révolution numérique déferle sur le secteur des services. L'automatisation entraîne la suppression d'emplois peu qualifiés mais s'accompagne d'une montée en compétences.</description>
</item>
<item numero="4">
<titre>Stéphane Treppoz : « La nostalgie ne m'intéresse pas ».</titre>
<description>Portrait chinois du PDG de Sarenza, site français de vente en ligne de chaussures.</description>
</item>
<item numero="5">
<titre>Le paillasson d'Amazon qui a mis l'Inde en colère.</titre>
<description>Sous la pression de New Delhi, le groupe américain du commerce électronique a dû retirer de la vente un paillasson aux couleurs du drapeau indien.</description>
</item>
<item numero="6">
<titre>Amazon annonce la création de 100 000 emplois aux Etats-Unis dans les 18 prochains mois.</titre>
<description>Le géant de la distribution en ligne, qui compte déjà 180 000 salariés aux Etats-Unis, précise que ces nouveaux emplois seront à plein temps et assortis d'une couverture sociale « complète ».</description>
</item>
<item numero="7">
<titre>Vestiaire Collective, le mariage du luxe et du seconde main.</titre>
<description>La plate-forme Internet spécialisée dans les produits de mode et de luxe d'occasion surfe sur l'attrait qu'exerce ce marché auprès d'une clientèle de plus en plus nombreuse.</description>
</item>
<item numero="8">
<titre>« Il existe un paradoxe du marché de l'occasion ».</titre>
<description>Pour Pascale Hébel, directrice du pôle consommation et entreprise du Centre de recherche pour l'étude et l'observation des conditions de vie, Internet a permis d'abattre les barrières entre acheteurs et vendeurs, dans un marché où chacun peut aujourd'hui vendre ou acheter presque tout.</description>
</item>
<item numero="9">
<titre>Rien n'arrête l'essor du marché de l'occasion.</titre>
<description>Certains secteurs comme l'immobilier ou l'automobile constituent aujourd'hui des marchés plus vastes en occasion qu'en neuf.</description>
</item>
<item numero="10">
<titre>Comment Bruxelles entend redynamiser l'e-commerce en Europe.</titre>
<description>La Commission veut simplifier les règles qui déterminent le paiement de la TVA.</description>
</item>
<item numero="11">
<titre>La jungle des garanties commerciales.</titre>
<description>Encore trop nombreux sont les vendeurs qui n'informent pas leurs clients de l'existence de garanties légales au profit d'autres, payantes, et qui font souvent double emploi.</description>
</item>
<item numero="12">
<titre>Pourquoi la PlayStation 4 Pro ne lit pas les Blu-ray 4K.</titre>
<description>C'est le paradoxe de la PS4 Pro, qui sort ce jeudi 10 novembre. Si la nouvelle console de Sony fait miroiter des jeux vidéo en 4K, elle est incapable de lire les films sur Blu-ray utilisant cette technologie.</description>
</item>
<item numero="13">
<titre>L'art en ligne : « Une formidable opportunité d'accéder à de nouveaux marchés ».</titre>
<description>On assiste à une ubérisation du marché de l'art sur Internet, qui propose une diversité de choix extrêmement importante, explique Nicolas Kaddèche, responsable marché art et clientèle privée chez Hiscox.</description>
</item>
<item numero="14">
<titre>Photographie : « De l'image de stock à l'image de flux ».</titre>
<description>La fin de la commercialisation par le site Flickr d'images qu'il héberge symbolise la mise en place d'une nouvelle économie pour l'industrie de la photo, explique Thierry Maillet, directeur général d'Ooshot.</description>
</item>
<item numero="15">
<titre>Payer en ligne autrement qu'avec sa carte bancaire.</titre>
<description>L'objectif est d'éviter de laisser trace de son numéro de carte pour éviter les fraudes.</description>
</item>
<item numero="16">
<titre>Luxe, la fin de l'âge d'or.</titre>
<description>Après une croissance effrénée, le luxe atterrit. Les désirs de la clientèle changent et interrogent le modèle de croissance des dernières décennies. Un défi pour les marques.</description>
</item>
<item numero="17">
<titre>Fabrice Del Taglia: « Chasser les « faux avis » en ligne».</titre>
<description>Pour le directeur général de Nomade Aventure et président de la commission de normalisation Afnor sur l'« e-réputation », la loi pour une République numérique va réglementer l'usage des avis publiés sur les sites Internet ; une norme française, en voie d'adoption internationale, pourtant, existe déjà.</description>
</item>
<item numero="18">
<titre>« Face au chômage, le développement du travail indépendant et les plates-formes sont une solution avant d'être un problème ».</titre>
<description>Pour Grégoire Leclercq et Benjamin Chemla, l'ubérisation - créatrice d'emplois -, dans des secteurs où le travail atypique est d'usage, n'a pas attendu l'émergence des plates-formes numériques.</description>
</item>
<item numero="19">
<titre>Sony dévoile sa Playstation 4 Pro.</titre>
<description>L'entreprise a donné plus de détails mercredi sur sa console, version améliorée de la PS4. Elle a également confirmé les rumeurs d'une sortie imminente d'une PS4 « slim ».</description>
</item>
<item numero="20">
<titre>Entreprises numériques globales: « Relocaliser le débat ».</titre>
<description>Accusées d'évasion fiscale, d'abus de position dominante, de non-respect de la vie privée, les GAFAM devront changer de stratégie, explique Mathieu Weill, directeur général de l'Association française pour le nommage Internet en coopération.</description>
</item>
</fichier>
<fichier id="2" nom="RSS2017/Mar/14/19-00-00/0,2-651865,1-0,0.xml">
<item numero="21">
<titre>La Chine, société de consommation en devenir.</titre>
<description>Vu d'ailleurs. La transition de la Chine d'un modèle basé sur les exportations vers un modèle basé sur la consommation intérieure et les services tient en grande partie à Internet, qui accroît l'éventail de choix des consommateurs chinois, engendre une baisse des coûts et accélère les livraisons, expliquent les économistes Andrew Sheng et Xiao Geng.</description>
</item>
</fichier>
<fichier id="3" nom="RSS2017/Mar/28/19-00-00/0,2-651865,1-0,0.xml">
</fichier>
<fichier id="4" nom="RSS2017/Mar/29/19-00-00/0,2-651865,1-0,0.xml">
</fichier>
<fichier id="5" nom="RSS2017/Mar/11/19-00-00/0,2-651865,1-0,0.xml">
<item numero="22">
<titre>Le géant de l'informatique Oracle finance une organisation anti-Google.</titre>
<description>Le « Google Transparency Report », qui a dévoilé des informations sur les liens entre Google et la Maison Blanche, est, entre autres, financé par cette grande entreprise.</description>
</item>
<item numero="23">
<titre>Le réseau WeChat attire les marques de luxe.</titre>
<description>La maison française Dior a mis en vente un sac inédit sur la plate-forme chinoise.</description>
</item>
</fichier>
<fichier id="6" nom="RSS2017/Mar/03/19-00-00/0,2-651865,1-0,0.xml">
</fichier>
<fichier id="7" nom="RSS2017/Mar/05/19-00-00/0,2-651865,1-0,0.xml">
</fichier>
<fichier id="8" nom="RSS2017/Mar/01/19-00-00/0,2-651865,1-0,0.xml">
</fichier>
<fichier id="9" nom="RSS2017/Mar/21/19-00-00/0,2-651865,1-0,0.xml">
</fichier>
<fichier id="10" nom="RSS2017/Mar/26/19-00-00/0,2-651865,1-0,0.xml">
</fichier>
<fichier id="11" nom="RSS2017/Mar/16/19-00-00/0,2-651865,1-0,0.xml">
</fichier>
<fichier id="12" nom="RSS2017/Mar/18/19-00-00/0,2-651865,1-0,0.xml">
</fichier>
<fichier id="13" nom="RSS2017/Mar/09/19-00-00/0,2-651865,1-0,0.xml">
</fichier>
<fichier id="14" nom="RSS2017/Mar/20/19-00-00/0,2-651865,1-0,0.xml">
</fichier>
<fichier id="15" nom="RSS2017/Mar/12/19-00-00/0,2-651865,1-0,0.xml">
</fichier>
<fichier id="16" nom="RSS2017/Mar/31/19-00-00/0,2-651865,1-0,0.xml">
</fichier>
<fichier id="17" nom="RSS2017/Mar/15/19-00-00/0,2-651865,1-0,0.xml">
</fichier>
<fichier id="18" nom="RSS2017/Mar/19/19-00-00/0,2-651865,1-0,0.xml">
</fichier>
<fichier id="19" nom="RSS2017/Mar/24/19-00-00/0,2-651865,1-0,0.xml">
</fichier>
<fichier id="20" nom="RSS2017/Mar/02/19-00-00/0,2-651865,1-0,0.xml">
</fichier>
<fichier id="21" nom="RSS2017/Mar/17/19-00-00/0,2-651865,1-0,0.xml">
</fichier>
<fichier id="22" nom="RSS2017/Mar/23/19-00-00/0,2-651865,1-0,0.xml">
</fichier>
<fichier id="23" nom="RSS2017/Mar/22/19-00-00/0,2-651865,1-0,0.xml">
</fichier>
<fichier id="24" nom="RSS2017/Mar/08/19-00-00/0,2-651865,1-0,0.xml">
</fichier>
<fichier id="25" nom="RSS2017/Mar/13/19-00-00/0,2-651865,1-0,0.xml">
</fichier>
<fichier id="26" nom="RSS2017/Mar/27/19-00-00/0,2-651865,1-0,0.xml">
</fichier>
<fichier id="27" nom="RSS2017/Mar/10/19-00-00/0,2-651865,1-0,0.xml">
</fichier>
<fichier id="28" nom="RSS2017/Mar/04/19-00-00/0,2-651865,1-0,0.xml">
</fichier>
<fichier id="29" nom="RSS2017/Mar/06/19-00-00/0,2-651865,1-0,0.xml">
</fichier>
<fichier id="30" nom="RSS2017/Mar/25/19-00-00/0,2-651865,1-0,0.xml">
</fichier>
<fichier id="31" nom="RSS2017/Mar/07/19-00-00/0,2-651865,1-0,0.xml">
</fichier>
<fichier id="32" nom="RSS2017/Jan/30/19-00-00/0,2-651865,1-0,0.xml">
<item numero="24">
<titre>Les drôles de « coquilles » de Thalassonumero1.</titre>
<description>La société invoque une « coquille » dans un descriptif pour imposer un changement d'hôtel à sa cliente qui souhaitait se rendre en Sardaigne. Cette dernière s'estime victime de publicité trompeuse.</description>
</item>
<item numero="25">
<titre>Amazon à Paris: « La crainte de voir le commerce de proximité disparaître est-elle fondée ? ».</titre>
<description>De nombreuses enseignes, petites et grandes, trouveront sans doute sur Amazon des débouchés inespérés et tireront le meilleur bénéfice d'un commerce à nouveau reconfiguré, explique Matthias Berahya-Lazarus, président de Bonial France.</description>
</item>
<item numero="26">
<titre>Le « nouvel eldorado » des « bots ».</titre>
<description>L'avenir est aux robots automatisés qui simulent une conversation humaine comme vecteur principal de relation client, au détriment du courriel, du téléphone et des applications mobiles, explique Benjamin Thomas, consultant innovation chez SQLI.</description>
</item>
<item numero="27">
<titre>Les fusées réutilisables, chasse gardée américaine.</titre>
<description>Vendredi 8 avril, Elon Musk a réussi son pari : reposer verticalement le premier étage de sa fusée Falcon 9 sur une barge, au large de la Floride, tandis que le reste du lanceur mettait correctement en orbite une capsule destinée à ravitailler la Station spatiale internationale. Cette réussite fait suite à quatre tentatives infructueuses, le long cigare ayant alors explosé à l'impact. Elle suggère que les fusées réutilisables ne sont peut-être pas une utopie.</description>
</item>
<item numero="28">
<titre>Aquaculture, viande synthétique... des technologies pour nourrir la planète.</titre>
<description>Recyclage du phosphore, culture d'algues, fermes verticales ou viande synthétique : focus sur les perspectives à venir pour nourrir la planète.</description>
</item>
<item numero="29">
<titre>Pixmania en redressement judiciaire : ne commandez plus !</titre>
<description>SOSconso. L'association Net-Litiges reçoit d'innombrables protestations de clients qui, ayant commandé des objets sur le site de vente en ligne de produits électroniques Pixamania, ne les reçoivent pas.</description>
</item>
<item numero="30">
<titre>« Cashback » payant et « arnaque » à l'abonnement caché.</titre>
<description>SOSconso. Christian Cambon, sénateur (LR, Val-de-Marne) s'est récemment ému des « arnaques » de certains sites e-marchands dans une question écrite au ministre de l'intérieur. Particulièrement en cause les offres de cash-back payantes. </description>
</item>
<item numero="31">
<titre>La couette pas livrée, mais débitée deux fois.</titre>
<description>SOSconso. Nombre d'internautes se plaignent de retards de livraison lors de leurs achats en ligne.</description>
</item>
<item numero="32">
<titre>Achats en ligne :  il faut désormais attendre la livraison pour se rétracter !</titre>
<description>SOSconso. L'article L 121-21 du code de la consommation, modifiant la loi relative à la simplification de la vie des entreprises, du 20 décembre 2014, qui rendait possible la rétractation après une commande à distance « dès la conclusion du contrat » a bel et bien été modifié dans un sens défavorable au consommateur.</description>
</item>
<item numero="33">
<titre>Attention, un échantillon gratuit peut cacher un abonnement !</titre>
<description>SOSconso. Les abonnements cachés sont une plaie. Evitez de donner vos coordonnées bancaires pour éviter toute mauvaise surprise.</description>
</item>
<item numero="34">
<titre>LesArnaques.com se rebaptise Net-Litiges.fr.</titre>
<description>SOSconso. Fini, la provocation ! Le site LesArnaques vient de se rebaptiser Net-Litiges. Cette dénomination neutre devrait lui éviter les procès pour "parasitisme". . . Net-Litiges.fr reste, comme LesArnaques.com, un site dédié aux consommateurs.</description>
</item>
<item numero="35">
<titre>Compte eBay suspendu sans explication : abusif ?</titre>
<description>SOSconso. Nombre d'acheteurs ou de vendeurs inscrits sur le site de commerce électronique eBay voient leur compte fermé du jour au lendemain, sans qu'on leur demande leur avis. Sont-ils fondés à protester?</description>
</item>
<item numero="36">
<titre>Vendeurs en ligne, attention aux commissions !</titre>
<description>SOSconso. Vous souhaitez revendre des affaires, et vous ne savez quel site choisir : dans tous les cas, méfiez-vous des commissions !</description>
</item>
<item numero="37">
<titre>eBay et PayPal vont signer une clause de non-concurrence pour les cinq prochaines années.</titre>
<description>Le géant des enchères en ligne s'était rallié aux arguments de ses principaux actionnaires et avait accepté de faire de sa filiale de paiements une société indépendante dès 2015.</description>
</item>
<item numero="38">
<titre>Les garanties en valent-elles le « coût » ?</titre>
<description>La plupart des enseignes font des garanties commerciales un argument de marketing, mais elles ne précisent pas suffisamment leur contenu : pendant les six premiers mois qui suivent l'achat, le vendeur est présumé responsable des défauts de conformité. Si le bien est défectueux, c'est à lui de prouver que le consommateur l'a mal utilisé.</description>
</item>
</fichier>
<fichier id="33" nom="RSS2017/Jan/14/19-00-00/0,2-651865,1-0,0.xml">
</fichier>
<fichier id="34" nom="RSS2017/Jan/28/19-00-00/0,2-651865,1-0,0.xml">
</fichier>
<fichier id="35" nom="RSS2017/Jan/29/19-00-00/0,2-651865,1-0,0.xml">
</fichier>
<fichier id="36" nom="RSS2017/Jan/11/19-00-00/0,2-651865,1-0,0.xml">
<item numero="39">
<titre>« Nous voulons devenir l'Alibaba africain ».</titre>
<description>La vente en ligne séduit de plus en plus d'Africains. L'entreprise Africa Internet Group fondée par deux Français est l'un des leaders du marché.</description>
</item>
</fichier>
<fichier id="37" nom="RSS2017/Jan/03/19-00-00/0,2-651865,1-0,0.xml">
</fichier>
<fichier id="38" nom="RSS2017/Jan/05/19-00-00/0,2-651865,1-0,0.xml">
</fichier>
<fichier id="39" nom="RSS2017/Jan/01/19-00-00/0,2-651865,1-0,0.xml">
</fichier>
<fichier id="40" nom="RSS2017/Jan/21/17-23-00/0,2-651865,1-0,0.xml">
</fichier>
<fichier id="41" nom="RSS2017/Jan/26/19-00-00/0,2-651865,1-0,0.xml">
</fichier>
<fichier id="42" nom="RSS2017/Jan/16/19-00-00/0,2-651865,1-0,0.xml">
</fichier>
<fichier id="43" nom="RSS2017/Jan/18/19-00-00/0,2-651865,1-0,0.xml">
</fichier>
<fichier id="44" nom="RSS2017/Jan/09/19-00-00/0,2-651865,1-0,0.xml">
</fichier>
<fichier id="45" nom="RSS2017/Jan/20/18-31-00/0,2-651865,1-0,0.xml">
</fichier>
<fichier id="46" nom="RSS2017/Jan/12/19-00-00/0,2-651865,1-0,0.xml">
</fichier>
<fichier id="47" nom="RSS2017/Jan/31/19-00-00/0,2-651865,1-0,0.xml">
</fichier>
<fichier id="48" nom="RSS2017/Jan/15/19-00-00/0,2-651865,1-0,0.xml">
</fichier>
<fichier id="49" nom="RSS2017/Jan/19/19-24-00/0,2-651865,1-0,0.xml">
</fichier>
<fichier id="50" nom="RSS2017/Jan/24/19-00-00/0,2-651865,1-0,0.xml">
</fichier>
<fichier id="51" nom="RSS2017/Jan/02/19-00-00/0,2-651865,1-0,0.xml">
</fichier>
<fichier id="52" nom="RSS2017/Jan/17/19-00-00/0,2-651865,1-0,0.xml">
</fichier>
<fichier id="53" nom="RSS2017/Jan/23/17-35-00/0,2-651865,1-0,0.xml">
</fichier>
<fichier id="54" nom="RSS2017/Jan/22/18-14-00/0,2-651865,1-0,0.xml">
</fichier>
<fichier id="55" nom="RSS2017/Jan/08/19-00-00/0,2-651865,1-0,0.xml">
</fichier>
<fichier id="56" nom="RSS2017/Jan/13/19-00-00/0,2-651865,1-0,0.xml">
</fichier>
<fichier id="57" nom="RSS2017/Jan/27/19-00-00/0,2-651865,1-0,0.xml">
</fichier>
<fichier id="58" nom="RSS2017/Jan/10/19-00-00/0,2-651865,1-0,0.xml">
</fichier>
<fichier id="59" nom="RSS2017/Jan/04/19-00-00/0,2-651865,1-0,0.xml">
</fichier>
<fichier id="60" nom="RSS2017/Jan/06/19-00-00/0,2-651865,1-0,0.xml">
</fichier>
<fichier id="61" nom="RSS2017/Jan/25/19-00-00/0,2-651865,1-0,0.xml">
</fichier>
<fichier id="62" nom="RSS2017/Jan/07/19-00-00/0,2-651865,1-0,0.xml">
</fichier>
<fichier id="63" nom="RSS2017/Nov/30/19-00-00/0,2-651865,1-0,0.xml">
<item numero="40">
<titre>Black Friday : « A la compétition sociale par la consommation s'ajoute la violence physique ».</titre>
<description>Le sociologue Vincent Chabault estime, dans une tribune au « Monde », que les débordements violents dans les magasins observés lors du Black Friday traduisent l'avènement d'une culture marchande combinant la rivalité matérielle et le divertissement sans limites.</description>
</item>
<item numero="41">
<titre>De Henry Ford à Jeff Bezos : « Les géants d'Internet ne seraient-ils pas les héritiers naturels des premiers industriels ? ».</titre>
<description>Et si les poids lourds du numérique, loin d'avoir rompu avec « le vieux monde industriel », en avaient tout simplement adopté les recettes, se demande Guillaume Degroisse, responsable marketing de l'Atelier BNP Paribas, dans une tribune au « Monde ».</description>
</item>
<item numero="42">
<titre>Indice des prix : mais où est passée l'inflation ?</titre>
<description>La hausse des prix qui n'a cessé de se tasser n'a pas totalement disparu. Elle s'est en partie déplacée vers les Bourses et l'immobilier des grandes villes…</description>
</item>
<item numero="43">
<titre>« Le cadre juridique incertain entrave la croissance des plates-formes numériques françaises ».</titre>
<description>Dans une tribune au « Monde », Edouard Dumortier (AlloVoisins), François-Michel Lambert (député LREM) et Emile Meunier (avocat) proposent que la loi de finance 2018 fixe un seuil de 7 000 euros par an en deçà duquel l'échange de biens et services sur les plates-formes collaboratives ne serait pas considéré comme une activité professionnelle.</description>
</item>
<item numero="44">
<titre>Dans les coulisses du « méga hub » d'UPS à Cologne.</titre>
<description>Pour les géants mondiaux du colis express et de la logistique, il est vital d'investir sans cesse dans des capacités accrues de traitement automatique et dans l'agrandissement des plates-formes d'expédition.</description>
</item>
<item numero="45">
<titre>Loisirs, alimentation, culture… Comment l'abonnement bouscule les modes de consommation.</titre>
<description>Aucun secteur ne semble résister à l'économie de la souscription. Un écosystème prend forme autour des spécialistes de la distribution.</description>
</item>
<item numero="46">
<titre>Collecte des données personnelles : « Il n'y a point de partage de données sans la confiance ».</titre>
<description>David Godest, fondateur et président d'une société de conseil en commerce numérique, explique qu'à l'instar de l'agroalimentaire, qui a su, face aux scandales, développer une filière bio, le commerce en ligne doit adopter une stratégie de transparence pour regagner la confiance du consommateur</description>
</item>
<item numero="47">
<titre>L'éditeur de logiciels français Dataiku lève 28 millions de dollars.</titre>
<description>Créée en 2013, la société propose une solution collaborative de gestion des données en entreprise.</description>
</item>
<item numero="48">
<titre>Zalando, le fabuleux destin de la petite start-up de Berlin.</titre>
<description>En  2008, l'entreprise allemande se lançait dans la vente en ligne de tongs. La firme est aujourd'hui la plate-forme leader de la mode en Europe.</description>
</item>
<item numero="49">
<titre>Lesara, pionnier du prêt-à-porter prédictif.</titre>
<description>Roman Kirsch, un entrepreneur allemand, a décidé de confier à un algorithme plutôt qu'à des stylistes l'élaboration de l'offre de son site de mode qui se targue de pouvoir calculer la probabilité de vente des vêtements dans les semaines à venir.</description>
</item>
<item numero="50">
<titre>La Redoute, passée de ringarde à avant-gardiste.</titre>
<description>La mue de l'ex-géant de la vente à distance en e-commerçant fut parfois douloureuse. Il a fallu changer toute l'organisation, et faire un plan social de 1 178 personnes.</description>
</item>
<item numero="51">
<titre>Les applis de shopping donnent un coup de vieux à Craigslist.</titre>
<description>La plate-forme de petites annonces, une véritable institution aux Etats-Unis, est bousculée par les applications développées pour le mobile par LetGo et OfferUp.</description>
</item>
<item numero="52">
<titre>Face à Amazon, eBay tente de s'offrir une seconde jeunesse.</titre>
<description>Le groupe américain, contraint de changer de modèle en raison du déclin des enchères en ligne, multiplie les initiatives pour attirer un public plus jeune et féminin.</description>
</item>
</fichier>
<fichier id="64" nom="RSS2017/Nov/14/19-00-00/0,2-651865,1-0,0.xml">
</fichier>
<fichier id="65" nom="RSS2017/Nov/28/19-00-00/0,2-651865,1-0,0.xml">
</fichier>
<fichier id="66" nom="RSS2017/Nov/29/19-00-00/0,2-651865,1-0,0.xml">
</fichier>
<fichier id="67" nom="RSS2017/Nov/11/19-00-00/0,2-651865,1-0,0.xml">
</fichier>
<fichier id="68" nom="RSS2017/Nov/03/19-00-00/0,2-651865,1-0,0.xml">
</fichier>
<fichier id="69" nom="RSS2017/Nov/05/19-00-00/0,2-651865,1-0,0.xml">
</fichier>
<fichier id="70" nom="RSS2017/Nov/01/18-43-00/0,2-651865,1-0,0.xml">
</fichier>
<fichier id="71" nom="RSS2017/Nov/21/19-00-00/0,2-651865,1-0,0.xml">
</fichier>
<fichier id="72" nom="RSS2017/Nov/26/19-00-00/0,2-651865,1-0,0.xml">
</fichier>
<fichier id="73" nom="RSS2017/Nov/16/19-00-00/0,2-651865,1-0,0.xml">
</fichier>
<fichier id="74" nom="RSS2017/Nov/18/19-00-00/0,2-651865,1-0,0.xml">
</fichier>
<fichier id="75" nom="RSS2017/Nov/09/19-00-00/0,2-651865,1-0,0.xml">
</fichier>
<fichier id="76" nom="RSS2017/Nov/20/19-00-00/0,2-651865,1-0,0.xml">
</fichier>
<fichier id="77" nom="RSS2017/Nov/12/19-00-00/0,2-651865,1-0,0.xml">
<item numero="53">
<titre>L'indice des prix ne cesse de baisser : où est passée l'inflation ?</titre>
<description>La hausse des prix qui n'a cessé de se tasser n'a pas totalement disparu. Elle s'est en partie déplacée vers les Bourses et l'immobilier des grandes villes…</description>
</item>
</fichier>
<fichier id="78" nom="RSS2017/Nov/15/19-00-00/0,2-651865,1-0,0.xml">
</fichier>
<fichier id="79" nom="RSS2017/Nov/19/19-00-00/0,2-651865,1-0,0.xml">
</fichier>
<fichier id="80" nom="RSS2017/Nov/24/19-16-00/0,2-651865,1-0,0.xml">
</fichier>
<fichier id="81" nom="RSS2017/Nov/02/19-00-00/0,2-651865,1-0,0.xml">
</fichier>
<fichier id="82" nom="RSS2017/Nov/17/19-00-00/0,2-651865,1-0,0.xml">
</fichier>
<fichier id="83" nom="RSS2017/Nov/23/19-00-00/0,2-651865,1-0,0.xml">
</fichier>
<fichier id="84" nom="RSS2017/Nov/22/19-00-00/0,2-651865,1-0,0.xml">
</fichier>
<fichier id="85" nom="RSS2017/Nov/08/19-00-00/0,2-651865,1-0,0.xml">
</fichier>
<fichier id="86" nom="RSS2017/Nov/13/19-00-00/0,2-651865,1-0,0.xml">
</fichier>
<fichier id="87" nom="RSS2017/Nov/27/16-40-00/0,2-651865,1-0,0.xml">
</fichier>
<fichier id="88" nom="RSS2017/Nov/10/19-00-00/0,2-651865,1-0,0.xml">
</fichier>
<fichier id="89" nom="RSS2017/Nov/04/19-00-00/0,2-651865,1-0,0.xml">
</fichier>
<fichier id="90" nom="RSS2017/Nov/06/19-00-00/0,2-651865,1-0,0.xml">
</fichier>
<fichier id="91" nom="RSS2017/Nov/25/18-19-00/0,2-651865,1-0,0.xml">
</fichier>
<fichier id="92" nom="RSS2017/Nov/07/19-00-00/0,2-651865,1-0,0.xml">
</fichier>
<fichier id="93" nom="RSS2017/Aug/30/19-32-00/0,2-651865,1-0,0.xml">
</fichier>
<fichier id="94" nom="RSS2017/Aug/14/19-32-00/0,2-651865,1-0,0.xml">
</fichier>
<fichier id="95" nom="RSS2017/Aug/28/19-03-00/0,2-651865,1-0,0.xml">
</fichier>
<fichier id="96" nom="RSS2017/Aug/29/19-21-00/0,2-651865,1-0,0.xml">
</fichier>
<fichier id="97" nom="RSS2017/Aug/11/18-48-00/0,2-651865,1-0,0.xml">
</fichier>
<fichier id="98" nom="RSS2017/Aug/03/19-23-00/0,2-651865,1-0,0.xml">
</fichier>
<fichier id="99" nom="RSS2017/Aug/05/18-04-00/0,2-651865,1-0,0.xml">
</fichier>
<fichier id="100" nom="RSS2017/Aug/01/20-02-00/0,2-651865,1-0,0.xml">
</fichier>
<fichier id="101" nom="RSS2017/Aug/21/19-35-00/0,2-651865,1-0,0.xml">
</fichier>
<fichier id="102" nom="RSS2017/Aug/26/19-05-00/0,2-651865,1-0,0.xml">
</fichier>
<fichier id="103" nom="RSS2017/Aug/16/19-03-00/0,2-651865,1-0,0.xml">
</fichier>
<fichier id="104" nom="RSS2017/Aug/09/18-56-00/0,2-651865,1-0,0.xml">
</fichier>
<fichier id="105" nom="RSS2017/Aug/20/19-12-00/0,2-651865,1-0,0.xml">
</fichier>
<fichier id="106" nom="RSS2017/Aug/12/19-02-00/0,2-651865,1-0,0.xml">
</fichier>
<fichier id="107" nom="RSS2017/Aug/31/19-03-00/0,2-651865,1-0,0.xml">
</fichier>
<fichier id="108" nom="RSS2017/Aug/15/19-52-00/0,2-651865,1-0,0.xml">
</fichier>
<fichier id="109" nom="RSS2017/Aug/24/18-53-00/0,2-651865,1-0,0.xml">
</fichier>
<fichier id="110" nom="RSS2017/Aug/02/19-10-00/0,2-651865,1-0,0.xml">
</fichier>
<fichier id="111" nom="RSS2017/Aug/23/18-06-00/0,2-651865,1-0,0.xml">
</fichier>
<fichier id="112" nom="RSS2017/Aug/22/19-30-00/0,2-651865,1-0,0.xml">
</fichier>
<fichier id="113" nom="RSS2017/Aug/08/17-44-00/0,2-651865,1-0,0.xml">
</fichier>
<fichier id="114" nom="RSS2017/Aug/13/19-45-00/0,2-651865,1-0,0.xml">
</fichier>
<fichier id="115" nom="RSS2017/Aug/27/19-53-00/0,2-651865,1-0,0.xml">
</fichier>
<fichier id="116" nom="RSS2017/Aug/10/18-14-00/0,2-651865,1-0,0.xml">
</fichier>
<fichier id="117" nom="RSS2017/Aug/04/19-30-00/0,2-651865,1-0,0.xml">
</fichier>
<fichier id="118" nom="RSS2017/Aug/06/19-22-00/0,2-651865,1-0,0.xml">
</fichier>
<fichier id="119" nom="RSS2017/Aug/25/19-53-00/0,2-651865,1-0,0.xml">
</fichier>
<fichier id="120" nom="RSS2017/Aug/07/19-13-00/0,2-651865,1-0,0.xml">
</fichier>
<fichier id="121" nom="RSS2017/Sep/30/19-06-00/0,2-651865,1-0,0.xml">
</fichier>
<fichier id="122" nom="RSS2017/Sep/14/19-00-00/0,2-651865,1-0,0.xml">
</fichier>
<fichier id="123" nom="RSS2017/Sep/28/18-51-00/0,2-651865,1-0,0.xml">
</fichier>
<fichier id="124" nom="RSS2017/Sep/29/18-35-00/0,2-651865,1-0,0.xml">
</fichier>
<fichier id="125" nom="RSS2017/Sep/11/19-00-00/0,2-651865,1-0,0.xml">
</fichier>
<fichier id="126" nom="RSS2017/Sep/03/21-33-00/0,2-651865,1-0,0.xml">
</fichier>
<fichier id="127" nom="RSS2017/Sep/05/19-00-00/0,2-651865,1-0,0.xml">
</fichier>
<fichier id="128" nom="RSS2017/Sep/01/19-15-00/0,2-651865,1-0,0.xml">
</fichier>
<fichier id="129" nom="RSS2017/Sep/21/19-00-00/0,2-651865,1-0,0.xml">
</fichier>
<fichier id="130" nom="RSS2017/Sep/26/19-00-00/0,2-651865,1-0,0.xml">
</fichier>
<fichier id="131" nom="RSS2017/Sep/16/19-00-00/0,2-651865,1-0,0.xml">
</fichier>
<fichier id="132" nom="RSS2017/Sep/18/19-00-00/0,2-651865,1-0,0.xml">
</fichier>
<fichier id="133" nom="RSS2017/Sep/09/19-00-00/0,2-651865,1-0,0.xml">
</fichier>
<fichier id="134" nom="RSS2017/Sep/20/19-00-00/0,2-651865,1-0,0.xml">
</fichier>
<fichier id="135" nom="RSS2017/Sep/12/19-00-00/0,2-651865,1-0,0.xml">
</fichier>
<fichier id="136" nom="RSS2017/Sep/15/19-00-00/0,2-651865,1-0,0.xml">
</fichier>
<fichier id="137" nom="RSS2017/Sep/19/19-00-00/0,2-651865,1-0,0.xml">
</fichier>
<fichier id="138" nom="RSS2017/Sep/24/19-00-00/0,2-651865,1-0,0.xml">
</fichier>
<fichier id="139" nom="RSS2017/Sep/17/19-00-00/0,2-651865,1-0,0.xml">
</fichier>
<fichier id="140" nom="RSS2017/Sep/23/19-00-00/0,2-651865,1-0,0.xml">
</fichier>
<fichier id="141" nom="RSS2017/Sep/22/19-00-00/0,2-651865,1-0,0.xml">
</fichier>
<fichier id="142" nom="RSS2017/Sep/08/19-00-00/0,2-651865,1-0,0.xml">
</fichier>
<fichier id="143" nom="RSS2017/Sep/13/19-00-00/0,2-651865,1-0,0.xml">
</fichier>
<fichier id="144" nom="RSS2017/Sep/27/19-00-00/0,2-651865,1-0,0.xml">
</fichier>
<fichier id="145" nom="RSS2017/Sep/10/19-00-00/0,2-651865,1-0,0.xml">
</fichier>
<fichier id="146" nom="RSS2017/Sep/04/21-51-00/0,2-651865,1-0,0.xml">
</fichier>
<fichier id="147" nom="RSS2017/Sep/06/19-00-00/0,2-651865,1-0,0.xml">
</fichier>
<fichier id="148" nom="RSS2017/Sep/25/19-00-00/0,2-651865,1-0,0.xml">
</fichier>
<fichier id="149" nom="RSS2017/Sep/07/19-00-00/0,2-651865,1-0,0.xml">
</fichier>
<fichier id="150" nom="RSS2017/Jul/30/19-11-00/0,2-651865,1-0,0.xml">
</fichier>
<fichier id="151" nom="RSS2017/Jul/14/18-49-00/0,2-651865,1-0,0.xml">
</fichier>
<fichier id="152" nom="RSS2017/Jul/28/18-38-00/0,2-651865,1-0,0.xml">
</fichier>
<fichier id="153" nom="RSS2017/Jul/29/20-03-00/0,2-651865,1-0,0.xml">
</fichier>
<fichier id="154" nom="RSS2017/Jul/11/19-56-00/0,2-651865,1-0,0.xml">
</fichier>
<fichier id="155" nom="RSS2017/Jul/03/19-00-00/0,2-651865,1-0,0.xml">
</fichier>
<fichier id="156" nom="RSS2017/Jul/05/19-00-00/0,2-651865,1-0,0.xml">
</fichier>
<fichier id="157" nom="RSS2017/Jul/01/19-00-00/0,2-651865,1-0,0.xml">
</fichier>
<fichier id="158" nom="RSS2017/Jul/21/18-48-00/0,2-651865,1-0,0.xml">
</fichier>
<fichier id="159" nom="RSS2017/Jul/26/18-37-00/0,2-651865,1-0,0.xml">
</fichier>
<fichier id="160" nom="RSS2017/Jul/16/19-37-00/0,2-651865,1-0,0.xml">
</fichier>
<fichier id="161" nom="RSS2017/Jul/18/19-19-00/0,2-651865,1-0,0.xml">
</fichier>
<fichier id="162" nom="RSS2017/Jul/09/15-30-00/0,2-651865,1-0,0.xml">
</fichier>
<fichier id="163" nom="RSS2017/Jul/20/17-40-00/0,2-651865,1-0,0.xml">
</fichier>
<fichier id="164" nom="RSS2017/Jul/12/18-44-00/0,2-651865,1-0,0.xml">
</fichier>
<fichier id="165" nom="RSS2017/Jul/31/19-03-00/0,2-651865,1-0,0.xml">
</fichier>
<fichier id="166" nom="RSS2017/Jul/15/21-07-00/0,2-651865,1-0,0.xml">
</fichier>
<fichier id="167" nom="RSS2017/Jul/19/19-49-00/0,2-651865,1-0,0.xml">
</fichier>
<fichier id="168" nom="RSS2017/Jul/24/19-10-00/0,2-651865,1-0,0.xml">
</fichier>
<fichier id="169" nom="RSS2017/Jul/02/19-00-00/0,2-651865,1-0,0.xml">
</fichier>
<fichier id="170" nom="RSS2017/Jul/17/18-28-00/0,2-651865,1-0,0.xml">
</fichier>
<fichier id="171" nom="RSS2017/Jul/23/19-12-00/0,2-651865,1-0,0.xml">
</fichier>
<fichier id="172" nom="RSS2017/Jul/22/18-06-00/0,2-651865,1-0,0.xml">
</fichier>
<fichier id="173" nom="RSS2017/Jul/08/18-54-00/0,2-651865,1-0,0.xml">
</fichier>
<fichier id="174" nom="RSS2017/Jul/13/18-40-00/0,2-651865,1-0,0.xml">
</fichier>
<fichier id="175" nom="RSS2017/Jul/27/19-05-00/0,2-651865,1-0,0.xml">
</fichier>
<fichier id="176" nom="RSS2017/Jul/10/21-39-00/0,2-651865,1-0,0.xml">
</fichier>
<fichier id="177" nom="RSS2017/Jul/04/19-00-00/0,2-651865,1-0,0.xml">
</fichier>
<fichier id="178" nom="RSS2017/Jul/06/19-37-00/0,2-651865,1-0,0.xml">
</fichier>
<fichier id="179" nom="RSS2017/Jul/25/19-20-00/0,2-651865,1-0,0.xml">
</fichier>
<fichier id="180" nom="RSS2017/Jul/07/19-30-00/0,2-651865,1-0,0.xml">
</fichier>
<fichier id="181" nom="RSS2017/Oct/30/19-18-00/0,2-651865,1-0,0.xml">
</fichier>
<fichier id="182" nom="RSS2017/Oct/14/19-00-00/0,2-651865,1-0,0.xml">
</fichier>
<fichier id="183" nom="RSS2017/Oct/28/19-19-00/0,2-651865,1-0,0.xml">
</fichier>
<fichier id="184" nom="RSS2017/Oct/29/19-15-00/0,2-651865,1-0,0.xml">
</fichier>
<fichier id="185" nom="RSS2017/Oct/11/19-00-00/0,2-651865,1-0,0.xml">
</fichier>
<fichier id="186" nom="RSS2017/Oct/03/19-00-00/0,2-651865,1-0,0.xml">
</fichier>
<fichier id="187" nom="RSS2017/Oct/05/19-00-00/0,2-651865,1-0,0.xml">
</fichier>
<fichier id="188" nom="RSS2017/Oct/01/16-38-00/0,2-651865,1-0,0.xml">
</fichier>
<fichier id="189" nom="RSS2017/Oct/21/17-21-00/0,2-651865,1-0,0.xml">
</fichier>
<fichier id="190" nom="RSS2017/Oct/26/19-00-00/0,2-651865,1-0,0.xml">
</fichier>
<fichier id="191" nom="RSS2017/Oct/16/19-00-00/0,2-651865,1-0,0.xml">
</fichier>
<fichier id="192" nom="RSS2017/Oct/18/19-00-00/0,2-651865,1-0,0.xml">
</fichier>
<fichier id="193" nom="RSS2017/Oct/09/19-00-00/0,2-651865,1-0,0.xml">
</fichier>
<fichier id="194" nom="RSS2017/Oct/20/19-23-00/0,2-651865,1-0,0.xml">
</fichier>
<fichier id="195" nom="RSS2017/Oct/12/19-20-00/0,2-651865,1-0,0.xml">
</fichier>
<fichier id="196" nom="RSS2017/Oct/31/18-50-00/0,2-651865,1-0,0.xml">
</fichier>
<fichier id="197" nom="RSS2017/Oct/15/19-00-00/0,2-651865,1-0,0.xml">
</fichier>
<fichier id="198" nom="RSS2017/Oct/19/19-40-00/0,2-651865,1-0,0.xml">
</fichier>
<fichier id="199" nom="RSS2017/Oct/24/19-00-00/0,2-651865,1-0,0.xml">
</fichier>
<fichier id="200" nom="RSS2017/Oct/02/19-00-00/0,2-651865,1-0,0.xml">
</fichier>
<fichier id="201" nom="RSS2017/Oct/17/19-00-00/0,2-651865,1-0,0.xml">
</fichier>
<fichier id="202" nom="RSS2017/Oct/23/18-06-00/0,2-651865,1-0,0.xml">
</fichier>
<fichier id="203" nom="RSS2017/Oct/22/19-02-00/0,2-651865,1-0,0.xml">
</fichier>
<fichier id="204" nom="RSS2017/Oct/08/19-00-00/0,2-651865,1-0,0.xml">
</fichier>
<fichier id="205" nom="RSS2017/Oct/13/19-00-00/0,2-651865,1-0,0.xml">
</fichier>
<fichier id="206" nom="RSS2017/Oct/27/19-13-00/0,2-651865,1-0,0.xml">
</fichier>
<fichier id="207" nom="RSS2017/Oct/10/19-00-00/0,2-651865,1-0,0.xml">
</fichier>
<fichier id="208" nom="RSS2017/Oct/04/19-00-00/0,2-651865,1-0,0.xml">
</fichier>
<fichier id="209" nom="RSS2017/Oct/06/19-00-00/0,2-651865,1-0,0.xml">
</fichier>
<fichier id="210" nom="RSS2017/Oct/25/19-00-00/0,2-651865,1-0,0.xml">
</fichier>
<fichier id="211" nom="RSS2017/Oct/07/19-00-00/0,2-651865,1-0,0.xml">
</fichier>
<fichier id="212" nom="RSS2017/Feb/14/18-24-00/0,2-651865,1-0,0.xml">
</fichier>
<fichier id="213" nom="RSS2017/Feb/28/19-00-00/0,2-651865,1-0,0.xml">
</fichier>
<fichier id="214" nom="RSS2017/Feb/11/19-39-00/0,2-651865,1-0,0.xml">
</fichier>
<fichier id="215" nom="RSS2017/Feb/03/19-00-00/0,2-651865,1-0,0.xml">
</fichier>
<fichier id="216" nom="RSS2017/Feb/05/19-00-00/0,2-651865,1-0,0.xml">
</fichier>
<fichier id="217" nom="RSS2017/Feb/01/19-00-00/0,2-651865,1-0,0.xml">
</fichier>
<fichier id="218" nom="RSS2017/Feb/21/19-00-00/0,2-651865,1-0,0.xml">
</fichier>
<fichier id="219" nom="RSS2017/Feb/26/19-00-00/0,2-651865,1-0,0.xml">
</fichier>
<fichier id="220" nom="RSS2017/Feb/16/18-38-00/0,2-651865,1-0,0.xml">
</fichier>
<fichier id="221" nom="RSS2017/Feb/18/15-45-00/0,2-651865,1-0,0.xml">
</fichier>
<fichier id="222" nom="RSS2017/Feb/09/20-44-00/0,2-651865,1-0,0.xml">
</fichier>
<fichier id="223" nom="RSS2017/Feb/20/18-29-00/0,2-651865,1-0,0.xml">
</fichier>
<fichier id="224" nom="RSS2017/Feb/12/18-50-00/0,2-651865,1-0,0.xml">
</fichier>
<fichier id="225" nom="RSS2017/Feb/15/18-10-00/0,2-651865,1-0,0.xml">
</fichier>
<fichier id="226" nom="RSS2017/Feb/19/18-25-00/0,2-651865,1-0,0.xml">
</fichier>
<fichier id="227" nom="RSS2017/Feb/24/19-00-00/0,2-651865,1-0,0.xml">
</fichier>
<fichier id="228" nom="RSS2017/Feb/02/19-00-00/0,2-651865,1-0,0.xml">
</fichier>
<fichier id="229" nom="RSS2017/Feb/17/19-20-00/0,2-651865,1-0,0.xml">
</fichier>
<fichier id="230" nom="RSS2017/Feb/23/19-00-00/0,2-651865,1-0,0.xml">
</fichier>
<fichier id="231" nom="RSS2017/Feb/22/19-00-00/0,2-651865,1-0,0.xml">
</fichier>
<fichier id="232" nom="RSS2017/Feb/08/19-00-00/0,2-651865,1-0,0.xml">
</fichier>
<fichier id="233" nom="RSS2017/Feb/13/18-39-00/0,2-651865,1-0,0.xml">
</fichier>
<fichier id="234" nom="RSS2017/Feb/27/19-00-00/0,2-651865,1-0,0.xml">
</fichier>
<fichier id="235" nom="RSS2017/Feb/10/19-40-00/0,2-651865,1-0,0.xml">
</fichier>
<fichier id="236" nom="RSS2017/Feb/04/19-00-00/0,2-651865,1-0,0.xml">
</fichier>
<fichier id="237" nom="RSS2017/Feb/06/19-00-00/0,2-651865,1-0,0.xml">
</fichier>
<fichier id="238" nom="RSS2017/Feb/25/19-00-00/0,2-651865,1-0,0.xml">
</fichier>
<fichier id="239" nom="RSS2017/Feb/07/19-00-00/0,2-651865,1-0,0.xml">
</fichier>
<fichier id="240" nom="RSS2017/Jun/30/19-00-00/0,2-651865,1-0,0.xml">
</fichier>
<fichier id="241" nom="RSS2017/Jun/14/19-00-00/0,2-651865,1-0,0.xml">
</fichier>
<fichier id="242" nom="RSS2017/Jun/28/19-00-00/0,2-651865,1-0,0.xml">
</fichier>
<fichier id="243" nom="RSS2017/Jun/29/19-00-00/0,2-651865,1-0,0.xml">
</fichier>
<fichier id="244" nom="RSS2017/Jun/11/19-00-00/0,2-651865,1-0,0.xml">
</fichier>
<fichier id="245" nom="RSS2017/Jun/03/19-00-00/0,2-651865,1-0,0.xml">
</fichier>
<fichier id="246" nom="RSS2017/Jun/05/19-00-00/0,2-651865,1-0,0.xml">
</fichier>
<fichier id="247" nom="RSS2017/Jun/01/19-00-00/0,2-651865,1-0,0.xml">
</fichier>
<fichier id="248" nom="RSS2017/Jun/21/19-00-00/0,2-651865,1-0,0.xml">
</fichier>
<fichier id="249" nom="RSS2017/Jun/26/19-00-00/0,2-651865,1-0,0.xml">
</fichier>
<fichier id="250" nom="RSS2017/Jun/16/19-00-00/0,2-651865,1-0,0.xml">
</fichier>
<fichier id="251" nom="RSS2017/Jun/18/19-00-00/0,2-651865,1-0,0.xml">
</fichier>
<fichier id="252" nom="RSS2017/Jun/09/19-00-00/0,2-651865,1-0,0.xml">
</fichier>
<fichier id="253" nom="RSS2017/Jun/20/19-00-00/0,2-651865,1-0,0.xml">
</fichier>
<fichier id="254" nom="RSS2017/Jun/12/19-00-00/0,2-651865,1-0,0.xml">
</fichier>
<fichier id="255" nom="RSS2017/Jun/15/19-00-00/0,2-651865,1-0,0.xml">
</fichier>
<fichier id="256" nom="RSS2017/Jun/19/19-00-00/0,2-651865,1-0,0.xml">
</fichier>
<fichier id="257" nom="RSS2017/Jun/24/19-00-00/0,2-651865,1-0,0.xml">
</fichier>
<fichier id="258" nom="RSS2017/Jun/02/19-00-00/0,2-651865,1-0,0.xml">
</fichier>
<fichier id="259" nom="RSS2017/Jun/17/19-00-00/0,2-651865,1-0,0.xml">
</fichier>
<fichier id="260" nom="RSS2017/Jun/23/19-00-00/0,2-651865,1-0,0.xml">
</fichier>
<fichier id="261" nom="RSS2017/Jun/22/19-00-00/0,2-651865,1-0,0.xml">
</fichier>
<fichier id="262" nom="RSS2017/Jun/08/19-00-00/0,2-651865,1-0,0.xml">
</fichier>
<fichier id="263" nom="RSS2017/Jun/13/19-00-00/0,2-651865,1-0,0.xml">
</fichier>
<fichier id="264" nom="RSS2017/Jun/27/19-00-00/0,2-651865,1-0,0.xml">
</fichier>
<fichier id="265" nom="RSS2017/Jun/10/19-00-00/0,2-651865,1-0,0.xml">
</fichier>
<fichier id="266" nom="RSS2017/Jun/04/19-00-00/0,2-651865,1-0,0.xml">
</fichier>
<fichier id="267" nom="RSS2017/Jun/06/19-00-00/0,2-651865,1-0,0.xml">
</fichier>
<fichier id="268" nom="RSS2017/Jun/25/19-00-00/0,2-651865,1-0,0.xml">
</fichier>
<fichier id="269" nom="RSS2017/Jun/07/19-00-00/0,2-651865,1-0,0.xml">
</fichier>
<fichier id="270" nom="RSS2017/Dec/30/19-00-00/0,2-651865,1-0,0.xml">
</fichier>
<fichier id="271" nom="RSS2017/Dec/14/19-00-00/0,2-651865,1-0,0.xml">
</fichier>
<fichier id="272" nom="RSS2017/Dec/28/19-00-00/0,2-651865,1-0,0.xml">
</fichier>
<fichier id="273" nom="RSS2017/Dec/29/19-00-00/0,2-651865,1-0,0.xml">
</fichier>
<fichier id="274" nom="RSS2017/Dec/11/19-00-00/0,2-651865,1-0,0.xml">
</fichier>
<fichier id="275" nom="RSS2017/Dec/03/19-00-00/0,2-651865,1-0,0.xml">
</fichier>
<fichier id="276" nom="RSS2017/Dec/05/19-00-00/0,2-651865,1-0,0.xml">
</fichier>
<fichier id="277" nom="RSS2017/Dec/01/19-00-00/0,2-651865,1-0,0.xml">
</fichier>
<fichier id="278" nom="RSS2017/Dec/21/19-00-00/0,2-651865,1-0,0.xml">
</fichier>
<fichier id="279" nom="RSS2017/Dec/26/19-00-00/0,2-651865,1-0,0.xml">
</fichier>
<fichier id="280" nom="RSS2017/Dec/16/19-00-00/0,2-651865,1-0,0.xml">
</fichier>
<fichier id="281" nom="RSS2017/Dec/18/19-00-00/0,2-651865,1-0,0.xml">
</fichier>
<fichier id="282" nom="RSS2017/Dec/09/19-00-00/0,2-651865,1-0,0.xml">
</fichier>
<fichier id="283" nom="RSS2017/Dec/20/19-00-00/0,2-651865,1-0,0.xml">
</fichier>
<fichier id="284" nom="RSS2017/Dec/12/19-00-00/0,2-651865,1-0,0.xml">
</fichier>
<fichier id="285" nom="RSS2017/Dec/31/19-00-00/0,2-651865,1-0,0.xml">
</fichier>
<fichier id="286" nom="RSS2017/Dec/15/19-00-00/0,2-651865,1-0,0.xml">
</fichier>
<fichier id="287" nom="RSS2017/Dec/19/19-00-00/0,2-651865,1-0,0.xml">
</fichier>
<fichier id="288" nom="RSS2017/Dec/24/19-00-00/0,2-651865,1-0,0.xml">
</fichier>
<fichier id="289" nom="RSS2017/Dec/02/19-00-00/0,2-651865,1-0,0.xml">
</fichier>
<fichier id="290" nom="RSS2017/Dec/17/19-00-00/0,2-651865,1-0,0.xml">
</fichier>
<fichier id="291" nom="RSS2017/Dec/23/19-00-00/0,2-651865,1-0,0.xml">
</fichier>
<fichier id="292" nom="RSS2017/Dec/22/19-00-00/0,2-651865,1-0,0.xml">
</fichier>
<fichier id="293" nom="RSS2017/Dec/08/19-00-00/0,2-651865,1-0,0.xml">
</fichier>
<fichier id="294" nom="RSS2017/Dec/13/19-00-00/0,2-651865,1-0,0.xml">
</fichier>
<fichier id="295" nom="RSS2017/Dec/27/19-00-00/0,2-651865,1-0,0.xml">
</fichier>
<fichier id="296" nom="RSS2017/Dec/10/19-00-00/0,2-651865,1-0,0.xml">
</fichier>
<fichier id="297" nom="RSS2017/Dec/04/19-00-00/0,2-651865,1-0,0.xml">
</fichier>
<fichier id="298" nom="RSS2017/Dec/06/19-00-00/0,2-651865,1-0,0.xml">
</fichier>
<fichier id="299" nom="RSS2017/Dec/25/19-00-00/0,2-651865,1-0,0.xml">
</fichier>
<fichier id="300" nom="RSS2017/Dec/07/19-00-00/0,2-651865,1-0,0.xml">
</fichier>
<fichier id="301" nom="RSS2017/Apr/30/19-00-00/0,2-651865,1-0,0.xml">
</fichier>
<fichier id="302" nom="RSS2017/Apr/14/19-28-00/0,2-651865,1-0,0.xml">
</fichier>
<fichier id="303" nom="RSS2017/Apr/28/19-00-00/0,2-651865,1-0,0.xml">
</fichier>
<fichier id="304" nom="RSS2017/Apr/29/19-00-00/0,2-651865,1-0,0.xml">
</fichier>
<fichier id="305" nom="RSS2017/Apr/11/20-02-00/0,2-651865,1-0,0.xml">
</fichier>
<fichier id="306" nom="RSS2017/Apr/03/19-00-00/0,2-651865,1-0,0.xml">
</fichier>
<fichier id="307" nom="RSS2017/Apr/05/19-00-00/0,2-651865,1-0,0.xml">
</fichier>
<fichier id="308" nom="RSS2017/Apr/01/19-00-00/0,2-651865,1-0,0.xml">
</fichier>
<fichier id="309" nom="RSS2017/Apr/21/19-00-00/0,2-651865,1-0,0.xml">
</fichier>
<fichier id="310" nom="RSS2017/Apr/26/19-00-00/0,2-651865,1-0,0.xml">
</fichier>
<fichier id="311" nom="RSS2017/Apr/16/18-18-00/0,2-651865,1-0,0.xml">
</fichier>
<fichier id="312" nom="RSS2017/Apr/18/19-00-00/0,2-651865,1-0,0.xml">
</fichier>
<fichier id="313" nom="RSS2017/Apr/09/18-47-00/0,2-651865,1-0,0.xml">
</fichier>
<fichier id="314" nom="RSS2017/Apr/20/19-00-00/0,2-651865,1-0,0.xml">
</fichier>
<fichier id="315" nom="RSS2017/Apr/12/21-19-00/0,2-651865,1-0,0.xml">
</fichier>
<fichier id="316" nom="RSS2017/Apr/15/17-54-00/0,2-651865,1-0,0.xml">
</fichier>
<fichier id="317" nom="RSS2017/Apr/19/19-00-00/0,2-651865,1-0,0.xml">
</fichier>
<fichier id="318" nom="RSS2017/Apr/24/19-00-00/0,2-651865,1-0,0.xml">
</fichier>
<fichier id="319" nom="RSS2017/Apr/02/19-00-00/0,2-651865,1-0,0.xml">
</fichier>
<fichier id="320" nom="RSS2017/Apr/17/18-21-00/0,2-651865,1-0,0.xml">
</fichier>
<fichier id="321" nom="RSS2017/Apr/23/19-00-00/0,2-651865,1-0,0.xml">
</fichier>
<fichier id="322" nom="RSS2017/Apr/22/19-00-00/0,2-651865,1-0,0.xml">
</fichier>
<fichier id="323" nom="RSS2017/Apr/08/19-10-00/0,2-651865,1-0,0.xml">
</fichier>
<fichier id="324" nom="RSS2017/Apr/13/17-45-00/0,2-651865,1-0,0.xml">
</fichier>
<fichier id="325" nom="RSS2017/Apr/27/19-00-00/0,2-651865,1-0,0.xml">
</fichier>
<fichier id="326" nom="RSS2017/Apr/10/21-18-00/0,2-651865,1-0,0.xml">
</fichier>
<fichier id="327" nom="RSS2017/Apr/04/19-00-00/0,2-651865,1-0,0.xml">
</fichier>
<fichier id="328" nom="RSS2017/Apr/06/19-00-00/0,2-651865,1-0,0.xml">
</fichier>
<fichier id="329" nom="RSS2017/Apr/25/19-00-00/0,2-651865,1-0,0.xml">
</fichier>
<fichier id="330" nom="RSS2017/Apr/07/18-46-00/0,2-651865,1-0,0.xml">
</fichier>
<fichier id="331" nom="RSS2017/May/30/19-00-00/0,2-651865,1-0,0.xml">
</fichier>
<fichier id="332" nom="RSS2017/May/14/18-15-00/0,2-651865,1-0,0.xml">
</fichier>
<fichier id="333" nom="RSS2017/May/28/18-30-00/0,2-651865,1-0,0.xml">
</fichier>
<fichier id="334" nom="RSS2017/May/29/19-18-00/0,2-651865,1-0,0.xml">
</fichier>
<fichier id="335" nom="RSS2017/May/11/19-00-00/0,2-651865,1-0,0.xml">
</fichier>
<fichier id="336" nom="RSS2017/May/03/19-00-00/0,2-651865,1-0,0.xml">
</fichier>
<fichier id="337" nom="RSS2017/May/05/19-00-00/0,2-651865,1-0,0.xml">
</fichier>
<fichier id="338" nom="RSS2017/May/01/19-00-00/0,2-651865,1-0,0.xml">
</fichier>
<fichier id="339" nom="RSS2017/May/21/19-00-00/0,2-651865,1-0,0.xml">
</fichier>
<fichier id="340" nom="RSS2017/May/26/18-47-00/0,2-651865,1-0,0.xml">
</fichier>
<fichier id="341" nom="RSS2017/May/16/19-00-00/0,2-651865,1-0,0.xml">
</fichier>
<fichier id="342" nom="RSS2017/May/18/19-00-00/0,2-651865,1-0,0.xml">
</fichier>
<fichier id="343" nom="RSS2017/May/09/19-00-00/0,2-651865,1-0,0.xml">
</fichier>
<fichier id="344" nom="RSS2017/May/20/19-00-00/0,2-651865,1-0,0.xml">
</fichier>
<fichier id="345" nom="RSS2017/May/31/19-00-00/0,2-651865,1-0,0.xml">
</fichier>
<fichier id="346" nom="RSS2017/May/15/17-54-00/0,2-651865,1-0,0.xml">
</fichier>
<fichier id="347" nom="RSS2017/May/19/19-00-00/0,2-651865,1-0,0.xml">
</fichier>
<fichier id="348" nom="RSS2017/May/24/18-50-00/0,2-651865,1-0,0.xml">
</fichier>
<fichier id="349" nom="RSS2017/May/02/19-00-00/0,2-651865,1-0,0.xml">
</fichier>
<fichier id="350" nom="RSS2017/May/17/19-00-00/0,2-651865,1-0,0.xml">
</fichier>
<fichier id="351" nom="RSS2017/May/23/18-13-00/0,2-651865,1-0,0.xml">
</fichier>
<fichier id="352" nom="RSS2017/May/22/19-00-00/0,2-651865,1-0,0.xml">
</fichier>
<fichier id="353" nom="RSS2017/May/08/19-00-00/0,2-651865,1-0,0.xml">
</fichier>
<fichier id="354" nom="RSS2017/May/13/17-42-00/0,2-651865,1-0,0.xml">
</fichier>
<fichier id="355" nom="RSS2017/May/27/19-40-00/0,2-651865,1-0,0.xml">
</fichier>
<fichier id="356" nom="RSS2017/May/10/19-00-00/0,2-651865,1-0,0.xml">
</fichier>
<fichier id="357" nom="RSS2017/May/04/19-00-00/0,2-651865,1-0,0.xml">
</fichier>
<fichier id="358" nom="RSS2017/May/06/19-00-00/0,2-651865,1-0,0.xml">
</fichier>
<fichier id="359" nom="RSS2017/May/25/19-00-00/0,2-651865,1-0,0.xml">
</fichier>
<fichier id="360" nom="RSS2017/May/07/19-00-00/0,2-651865,1-0,0.xml">
</fichier>
</fichiers>
</base>
